2015,5tkvsudh,1,2,111
2014,5tkvsudh,1,2,109
2013,5tkvsudh,1,2,94
2012,5tkvsudh,1,2,82
2011,5tkvsudh,1,2,81
2010,5tkvsudh,1,2,80
2004,5tkvsudh,1,2,41
2006,5tkvsudh,1,2,50
2002,5tkvsudh,2,2,28|90
2000,5tkvsudh,1,2,25
2001,5tkvsudh,1,2,27
2003,5tkvsudh,2,2,32|93
2009,5tkvsudh,2,2,70|114
2005,5tkvsudh,1,2,46
2007,5tkvsudh,1,2,52
2008,5tkvsudh,1,2,64
2041,6lvn10f4,1,2,144
2040,6lvn10f4,1,2,142
2039,6lvn10f4,1,2,132
2038,6lvn10f4,1,2,124
2037,6lvn10f4,1,2,122
2035,6lvn10f4,2,2,108|135
2020,6lvn10f4,2,2,19|61
2019,6lvn10f4,1,2,13
2018,6lvn10f4,1,2,10
2017,6lvn10f4,1,2,6
2021,6lvn10f4,1,2,25
2026,6lvn10f4,1,2,64
2029,6lvn10f4,1,2,73
2033,6lvn10f4,1,2,103
2016,6lvn10f4,9,2,3|27|47|66|79|110|113|137|157
2042,6lvn10f4,1,2,152
2036,6lvn10f4,1,2,116
2025,6lvn10f4,1,2,56
2023,6lvn10f4,1,2,49
2024,6lvn10f4,1,2,51
2027,6lvn10f4,4,2,68|81|115|140
2028,6lvn10f4,1,2,70
2022,6lvn10f4,1,2,45
2030,6lvn10f4,1,2,76
2031,6lvn10f4,1,2,96
2032,6lvn10f4,1,2,102
2034,6lvn10f4,1,2,104
2061,tvxpckxo,1,2,108
2060,tvxpckxo,1,2,105
2058,tvxpckxo,1,2,92
2056,tvxpckxo,1,2,81
2055,tvxpckxo,1,2,72
2043,tvxpckxo,1,2,7
2057,tvxpckxo,1,2,91
2051,tvxpckxo,1,2,43
2021,tvxpckxo,1,2,17
2059,tvxpckxo,1,2,103
2046,tvxpckxo,1,2,32
2047,tvxpckxo,1,2,34
2048,tvxpckxo,1,2,37
2050,tvxpckxo,1,2,39
2053,tvxpckxo,2,2,49|63
2045,tvxpckxo,1,2,21
2052,tvxpckxo,1,2,47
2044,tvxpckxo,1,2,9
2049,tvxpckxo,1,2,38
2054,tvxpckxo,1,2,52
2092,mcuixluu,1,2,144
2091,mcuixluu,1,2,143
2090,mcuixluu,1,2,130
2089,mcuixluu,1,2,127
2004,mcuixluu,1,2,125
2087,mcuixluu,1,2,122
2086,mcuixluu,1,2,120
2085,mcuixluu,1,2,113
2084,mcuixluu,1,2,100
2083,mcuixluu,1,2,95
2063,mcuixluu,1,2,16
2082,mcuixluu,1,2,91
2062,mcuixluu,2,2,7|61
2088,mcuixluu,1,2,124
2064,mcuixluu,1,2,19
2069,mcuixluu,1,2,33
2065,mcuixluu,1,2,22
2073,mcuixluu,1,2,52
2067,mcuixluu,1,2,27
2008,mcuixluu,1,2,15
2068,mcuixluu,1,2,32
2070,mcuixluu,2,2,36|67
2078,mcuixluu,1,2,63
2079,mcuixluu,1,2,64
2071,mcuixluu,3,2,37|102|149
2066,mcuixluu,1,2,26
2072,mcuixluu,1,2,45
2074,mcuixluu,1,2,54
2075,mcuixluu,1,2,55
2077,mcuixluu,1,2,62
2022,mcuixluu,1,2,70
2081,mcuixluu,1,2,75
2076,mcuixluu,1,2,58
2080,mcuixluu,1,2,68
2183,ri5v6u4x,1,2,277
2182,ri5v6u4x,1,2,276
2181,ri5v6u4x,1,2,273
2180,ri5v6u4x,1,2,270
2179,ri5v6u4x,1,2,267
2178,ri5v6u4x,1,2,259
2177,ri5v6u4x,1,2,252
2176,ri5v6u4x,1,2,251
2174,ri5v6u4x,1,2,245
2173,ri5v6u4x,1,2,238
2172,ri5v6u4x,1,2,236
2171,ri5v6u4x,1,2,232
2170,ri5v6u4x,1,2,229
2168,ri5v6u4x,1,2,220
2167,ri5v6u4x,1,2,216
2166,ri5v6u4x,1,2,214
2164,ri5v6u4x,1,2,199
2163,ri5v6u4x,1,2,196
2162,ri5v6u4x,1,2,194
2161,ri5v6u4x,2,2,192|218
2160,ri5v6u4x,1,2,187
2159,ri5v6u4x,1,2,181
2158,ri5v6u4x,1,2,176
2157,ri5v6u4x,1,2,173
2113,ri5v6u4x,1,2,55
2114,ri5v6u4x,1,2,56
2107,ri5v6u4x,1,2,34
2117,ri5v6u4x,1,2,64
2121,ri5v6u4x,1,2,75
2047,ri5v6u4x,1,2,46
2106,ri5v6u4x,3,2,28|109|169
2122,ri5v6u4x,1,2,76
2120,ri5v6u4x,1,2,71
2105,ri5v6u4x,2,2,25|168
2102,ri5v6u4x,1,2,10
2109,ri5v6u4x,1,2,38
2097,ri5v6u4x,2,2,10|250
2096,ri5v6u4x,3,2,9|3|249
2111,ri5v6u4x,1,2,49
2104,ri5v6u4x,1,2,18
2146,ri5v6u4x,1,2,131
2101,ri5v6u4x,1,2,8
2108,ri5v6u4x,1,2,37
2095,ri5v6u4x,3,2,6|135|243
2115,ri5v6u4x,1,2,59
2110,ri5v6u4x,1,2,39
2082,ri5v6u4x,1,2,40
2098,ri5v6u4x,2,2,13|183
2112,ri5v6u4x,1,2,50
2099,ri5v6u4x,1,1,17
2100,ri5v6u4x,1,2,4
2093,ri5v6u4x,10,2,4|5|21|29|47|66|127|159|202|221
2139,ri5v6u4x,1,2,114
2094,ri5v6u4x,1,1,5
2103,ri5v6u4x,1,2,14
2116,ri5v6u4x,1,2,62
2125,ri5v6u4x,1,2,83
2118,ri5v6u4x,1,2,68
2119,ri5v6u4x,1,2,70
2123,ri5v6u4x,2,2,77|95
2124,ri5v6u4x,1,2,81
2126,ri5v6u4x,1,2,85
2137,ri5v6u4x,1,2,111
2127,ri5v6u4x,1,2,88
2128,ri5v6u4x,1,2,90
2142,ri5v6u4x,1,2,121
2129,ri5v6u4x,1,2,94
2130,ri5v6u4x,1,2,97
2131,ri5v6u4x,1,2,98
2132,ri5v6u4x,1,2,100
2133,ri5v6u4x,1,2,101
2134,ri5v6u4x,1,2,104
2135,ri5v6u4x,1,2,106
2136,ri5v6u4x,1,2,107
2138,ri5v6u4x,1,2,112
2140,ri5v6u4x,1,2,119
2141,ri5v6u4x,1,2,120
2143,ri5v6u4x,1,2,122
2144,ri5v6u4x,1,2,125
2175,ri5v6u4x,1,2,246
2150,ri5v6u4x,2,2,140|263
2165,ri5v6u4x,1,2,200
2145,ri5v6u4x,1,2,130
2169,ri5v6u4x,1,2,226
2147,ri5v6u4x,1,2,134
2148,ri5v6u4x,1,2,137
2149,ri5v6u4x,3,2,138|205|225
2151,ri5v6u4x,1,2,144
2152,ri5v6u4x,1,2,146
2153,ri5v6u4x,1,2,148
2154,ri5v6u4x,1,2,151
2155,ri5v6u4x,1,2,153
2156,ri5v6u4x,1,2,162
2204,kuybfc1y,1,2,97
2203,kuybfc1y,1,2,90
2201,kuybfc1y,1,2,83
2200,kuybfc1y,1,2,80
2205,kuybfc1y,1,2,98
2199,kuybfc1y,1,2,73
2198,kuybfc1y,1,2,72
2187,kuybfc1y,1,2,32
2098,kuybfc1y,2,2,10|66
2185,kuybfc1y,1,2,9
2184,kuybfc1y,1,2,5
2186,kuybfc1y,1,2,11
2111,kuybfc1y,1,2,75
2196,kuybfc1y,1,2,60
2202,kuybfc1y,1,2,85
2194,kuybfc1y,1,2,56
2193,kuybfc1y,1,2,54
2191,kuybfc1y,2,2,51|53
2150,kuybfc1y,1,2,31
2188,kuybfc1y,1,2,36
2189,kuybfc1y,1,2,49
2190,kuybfc1y,1,2,50
2192,kuybfc1y,1,2,52
2195,kuybfc1y,1,2,57
2119,kuybfc1y,1,2,69
2197,kuybfc1y,1,2,62
2232,ng4rrdte,1,2,114
2231,ng4rrdte,1,2,97
2223,ng4rrdte,1,2,73
2222,ng4rrdte,1,2,61
2234,ng4rrdte,1,2,118
2210,ng4rrdte,2,2,13|105
2236,ng4rrdte,1,2,122
2227,ng4rrdte,1,2,83
2233,ng4rrdte,1,2,116
2225,ng4rrdte,1,2,78
2209,ng4rrdte,1,2,10
2226,ng4rrdte,1,2,82
2229,ng4rrdte,1,2,89
2238,ng4rrdte,1,2,134
2212,ng4rrdte,1,2,24
2224,ng4rrdte,1,2,77
2207,ng4rrdte,1,2,7
2221,ng4rrdte,2,2,52|106
2206,ng4rrdte,1,2,5
2237,ng4rrdte,1,2,129
2228,ng4rrdte,1,2,86
2211,ng4rrdte,1,2,17
2239,ng4rrdte,1,2,135
2213,ng4rrdte,1,2,31
2214,ng4rrdte,2,2,36|90
2218,ng4rrdte,1,2,44
2235,ng4rrdte,1,2,119
2230,ng4rrdte,1,2,92
2215,ng4rrdte,1,2,39
2216,ng4rrdte,1,2,40
2217,ng4rrdte,1,2,41
2208,ng4rrdte,1,2,8
2219,ng4rrdte,1,2,49
2220,ng4rrdte,1,2,51
2241,1769ovyk,1,1,11
2242,1769ovyk,1,1,12
2240,1769ovyk,1,1,8
2277,t35n7bk9,1,2,213
2059,t35n7bk9,1,2,204
2276,t35n7bk9,1,2,201
2275,t35n7bk9,1,2,193
2274,t35n7bk9,1,2,187
2273,t35n7bk9,1,2,185
2251,t35n7bk9,1,2,40
2249,t35n7bk9,1,2,34
2258,t35n7bk9,1,2,96
2272,t35n7bk9,1,2,181
2248,t35n7bk9,1,2,20
2269,t35n7bk9,1,2,169
2162,t35n7bk9,1,2,98
2250,t35n7bk9,2,2,38|203
2245,t35n7bk9,1,2,2
2244,t35n7bk9,1,1,14
2271,t35n7bk9,1,2,178
2247,t35n7bk9,1,2,9
2268,t35n7bk9,1,2,168
2246,t35n7bk9,1,2,6
2270,t35n7bk9,1,2,176
2243,t35n7bk9,1,1,4
2252,t35n7bk9,1,2,49
2263,t35n7bk9,1,2,126
2266,t35n7bk9,1,2,158
2254,t35n7bk9,1,2,71
2253,t35n7bk9,1,2,68
2262,t35n7bk9,1,2,119
2179,t35n7bk9,1,2,107
2255,t35n7bk9,1,2,76
2256,t35n7bk9,1,2,81
2257,t35n7bk9,1,2,88
2259,t35n7bk9,1,2,106
2260,t35n7bk9,1,2,110
2261,t35n7bk9,2,2,118|197
2264,t35n7bk9,1,2,133
2265,t35n7bk9,1,2,138
2267,t35n7bk9,1,2,161
2021,pwsvhitd,1,2,106
2295,pwsvhitd,1,2,98
2293,pwsvhitd,1,2,92
2292,pwsvhitd,1,2,79
2282,pwsvhitd,1,2,19
2279,pwsvhitd,1,2,3
2280,pwsvhitd,2,2,15|126
2278,pwsvhitd,1,2,2
2284,pwsvhitd,1,2,24
2281,pwsvhitd,1,2,16
2291,pwsvhitd,1,2,69
2288,pwsvhitd,1,2,33
2289,pwsvhitd,2,2,61|82
2286,pwsvhitd,1,2,26
2287,pwsvhitd,1,2,29
2283,pwsvhitd,1,2,21
2285,pwsvhitd,1,2,25
2294,pwsvhitd,1,2,95
2290,pwsvhitd,1,2,62
2338,wt8zfqk0,1,2,301
2337,wt8zfqk0,1,2,299
2096,wt8zfqk0,1,2,295
2336,wt8zfqk0,1,2,287
2331,wt8zfqk0,1,2,273
2310,wt8zfqk0,1,2,86
2124,wt8zfqk0,1,2,308
2308,wt8zfqk0,1,2,53
2307,wt8zfqk0,1,2,47
2305,wt8zfqk0,1,2,44
2332,wt8zfqk0,1,2,276
2304,wt8zfqk0,1,2,40
2302,wt8zfqk0,6,2,34|63|84|118|142|167
2301,wt8zfqk0,7,2,32|61|82|117|130|140|165
2313,wt8zfqk0,1,2,99
2306,wt8zfqk0,1,2,45
2333,wt8zfqk0,1,2,278
2309,wt8zfqk0,7,2,70|89|151|164|193|203|230
2296,wt8zfqk0,1,2,15
2311,wt8zfqk0,1,2,91
2322,wt8zfqk0,1,2,161
2328,wt8zfqk0,2,2,236|247
2298,wt8zfqk0,1,2,20
2297,wt8zfqk0,1,2,18
2329,wt8zfqk0,1,2,241
2324,wt8zfqk0,1,2,176
2312,wt8zfqk0,1,2,98
2323,wt8zfqk0,2,2,172|259
2317,wt8zfqk0,1,2,114
2314,wt8zfqk0,1,2,104
2335,wt8zfqk0,1,2,282
2315,wt8zfqk0,1,2,106
2316,wt8zfqk0,1,2,107
2334,wt8zfqk0,1,2,280
2318,wt8zfqk0,1,2,122
2220,wt8zfqk0,1,2,218
2319,wt8zfqk0,1,2,147
2320,wt8zfqk0,1,2,148
2321,wt8zfqk0,2,2,159|190
2325,wt8zfqk0,1,2,184
2326,wt8zfqk0,1,2,198
2299,wt8zfqk0,4,2,26|68|199|251
2339,wt8zfqk0,1,2,302
2082,wt8zfqk0,1,2,188
2327,wt8zfqk0,1,2,216
2303,wt8zfqk0,1,2,36
2300,wt8zfqk0,2,2,31|250
2330,wt8zfqk0,1,2,248
2381,5gsbtfag,1,2,258
2200,5gsbtfag,1,2,232
2380,5gsbtfag,1,2,252
2375,5gsbtfag,1,2,199
2374,5gsbtfag,1,2,196
2373,5gsbtfag,1,2,194
2372,5gsbtfag,1,2,192
2344,5gsbtfag,1,2,49
2371,5gsbtfag,1,2,191
2368,5gsbtfag,1,2,184
2343,5gsbtfag,1,2,42
2378,5gsbtfag,1,2,217
2342,5gsbtfag,1,2,29
2352,5gsbtfag,1,2,99
2367,5gsbtfag,1,2,183
2257,5gsbtfag,1,2,24
2366,5gsbtfag,1,2,177
2345,5gsbtfag,1,2,58
2357,5gsbtfag,1,2,135
2143,5gsbtfag,1,2,1
2340,5gsbtfag,1,2,3
2377,5gsbtfag,1,2,206
2353,5gsbtfag,1,2,111
2341,5gsbtfag,1,2,27
2363,5gsbtfag,2,2,164|203
2364,5gsbtfag,1,2,169
2347,5gsbtfag,1,2,75
2365,5gsbtfag,1,2,170
2346,5gsbtfag,1,2,72
2348,5gsbtfag,1,2,80
2349,5gsbtfag,1,2,82
2362,5gsbtfag,1,2,162
2350,5gsbtfag,1,2,90
2351,5gsbtfag,1,2,95
2139,5gsbtfag,1,2,97
2361,5gsbtfag,2,2,150|212
2379,5gsbtfag,1,2,251
2354,5gsbtfag,2,2,118|248
2360,5gsbtfag,1,2,146
2355,5gsbtfag,1,2,128
2356,5gsbtfag,1,2,132
2358,5gsbtfag,1,2,137
2359,5gsbtfag,1,2,144
2376,5gsbtfag,1,2,205
2370,5gsbtfag,1,2,188
2369,5gsbtfag,1,2,186
2354,fpj5urao,1,2,297
2015,fpj5urao,1,2,266
2419,fpj5urao,3,2,251|285|311
2418,fpj5urao,2,2,247|249
2416,fpj5urao,4,2,229|231|257|259
2415,fpj5urao,3,2,224|253|283
2414,fpj5urao,1,2,204
2413,fpj5urao,1,2,202
2420,fpj5urao,1,2,271
2008,fpj5urao,1,2,56
2389,fpj5urao,1,2,57
2391,fpj5urao,1,2,62
2349,fpj5urao,1,2,73
2384,fpj5urao,1,2,25
2385,fpj5urao,2,2,28|330
2383,fpj5urao,1,2,23
2386,fpj5urao,1,2,47
2129,fpj5urao,1,2,134
2212,fpj5urao,1,2,46
2422,fpj5urao,1,2,315
2423,fpj5urao,1,2,329
2417,fpj5urao,1,2,240
2160,fpj5urao,1,2,64
2399,fpj5urao,1,2,114
2382,fpj5urao,2,2,16|312
2388,fpj5urao,1,2,51
2421,fpj5urao,1,2,308
2397,fpj5urao,1,2,109
2387,fpj5urao,1,2,50
2392,fpj5urao,1,2,69
2390,fpj5urao,1,2,61
2179,fpj5urao,1,2,187
2245,fpj5urao,1,2,18
2407,fpj5urao,1,2,159
2393,fpj5urao,1,2,79
2409,fpj5urao,1,2,164
2394,fpj5urao,1,2,80
2395,fpj5urao,1,2,92
2396,fpj5urao,1,2,94
2400,fpj5urao,2,2,116|125
2412,fpj5urao,1,2,201
2401,fpj5urao,1,2,121
2402,fpj5urao,1,2,132
2403,fpj5urao,1,2,137
2404,fpj5urao,1,2,140
2405,fpj5urao,1,2,141
2406,fpj5urao,1,2,144
2380,fpj5urao,1,2,149
2398,fpj5urao,1,2,112
2408,fpj5urao,1,2,160
2410,fpj5urao,1,2,171
2411,fpj5urao,1,2,189
2444,wutnzzhg,1,2,117
2441,wutnzzhg,1,2,103
2266,wutnzzhg,1,2,100
2391,wutnzzhg,1,2,97
2443,wutnzzhg,1,2,114
2442,wutnzzhg,1,2,112
2437,wutnzzhg,1,2,78
2216,wutnzzhg,1,2,71
2251,wutnzzhg,1,2,69
2436,wutnzzhg,1,2,62
2108,wutnzzhg,1,2,104
2439,wutnzzhg,1,2,89
2425,wutnzzhg,1,2,5
2424,wutnzzhg,1,2,0
2113,wutnzzhg,1,2,73
2115,wutnzzhg,1,2,7
2434,wutnzzhg,1,2,38
2435,wutnzzhg,1,2,44
2057,wutnzzhg,1,2,96
2438,wutnzzhg,1,2,88
2427,wutnzzhg,1,2,12
2428,wutnzzhg,1,2,16
2440,wutnzzhg,1,2,95
2429,wutnzzhg,1,2,18
2426,wutnzzhg,1,2,11
2432,wutnzzhg,1,2,31
2431,wutnzzhg,1,2,25
2158,wutnzzhg,1,2,28
2231,wutnzzhg,2,2,30|107
2382,wutnzzhg,1,2,53
2433,wutnzzhg,1,2,36
2430,wutnzzhg,3,2,23|43|65
2475,eiqypt0m,1,2,123
2248,eiqypt0m,1,2,119
2273,eiqypt0m,1,2,114
2005,eiqypt0m,1,2,113
2473,eiqypt0m,1,2,107
2472,eiqypt0m,1,2,97
2471,eiqypt0m,1,2,91
2467,eiqypt0m,1,2,70
2466,eiqypt0m,1,2,66
2465,eiqypt0m,2,2,64|73
2474,eiqypt0m,1,2,122
2448,eiqypt0m,1,2,26
2454,eiqypt0m,1,2,42
2452,eiqypt0m,1,2,40
2446,eiqypt0m,3,2,12|35|101
2445,eiqypt0m,1,2,0
2451,eiqypt0m,1,2,38
2457,eiqypt0m,1,2,48
2447,eiqypt0m,1,2,18
2469,eiqypt0m,1,2,84
2453,eiqypt0m,1,2,41
2468,eiqypt0m,2,2,82|117
2450,eiqypt0m,1,2,37
2456,eiqypt0m,1,2,46
2470,eiqypt0m,1,2,87
2449,eiqypt0m,1,2,28
2464,eiqypt0m,1,2,61
2455,eiqypt0m,1,2,44
2458,eiqypt0m,1,2,49
2460,eiqypt0m,2,2,55|69
2459,eiqypt0m,1,2,53
2461,eiqypt0m,1,2,57
2462,eiqypt0m,1,2,58
2463,eiqypt0m,1,2,59
2100,lwla5ugt,1,2,234
2515,lwla5ugt,1,2,233
2456,lwla5ugt,1,2,225
2511,lwla5ugt,2,2,223|237
2380,lwla5ugt,1,2,218
2510,lwla5ugt,1,2,211
2508,lwla5ugt,1,2,196
2507,lwla5ugt,1,2,191
2505,lwla5ugt,1,2,185
2483,lwla5ugt,1,2,47
2477,lwla5ugt,1,2,3
2096,lwla5ugt,3,2,126|176|183
2366,lwla5ugt,2,2,43|135
2493,lwla5ugt,1,2,109
2481,lwla5ugt,1,2,30
2504,lwla5ugt,1,2,173
2298,lwla5ugt,2,2,20|197
2506,lwla5ugt,1,2,186
2491,lwla5ugt,1,2,97
2512,lwla5ugt,1,2,227
2509,lwla5ugt,1,2,202
2252,lwla5ugt,1,2,194
2478,lwla5ugt,1,2,4
2513,lwla5ugt,1,2,229
2114,lwla5ugt,2,2,75|89
2495,lwla5ugt,2,2,125|175
2479,lwla5ugt,1,2,15
2213,lwla5ugt,1,2,10
2494,lwla5ugt,1,2,110
2476,lwla5ugt,1,2,2
2503,lwla5ugt,1,2,171
2423,lwla5ugt,1,2,72
2308,lwla5ugt,1,2,55
2090,lwla5ugt,1,2,53
2498,lwla5ugt,1,2,158
2484,lwla5ugt,1,2,71
2485,lwla5ugt,1,2,78
2486,lwla5ugt,1,2,79
2496,lwla5ugt,2,2,129|179
2339,lwla5ugt,4,2,112|139|204|212
2488,lwla5ugt,1,2,91
2489,lwla5ugt,1,2,92
2490,lwla5ugt,1,2,94
2409,lwla5ugt,1,2,98
2492,lwla5ugt,1,2,107
2156,lwla5ugt,1,2,123
2482,lwla5ugt,1,2,36
2497,lwla5ugt,1,2,133
2514,lwla5ugt,1,2,232
2499,lwla5ugt,1,2,163
2487,lwla5ugt,1,2,88
2269,lwla5ugt,1,2,145
2480,lwla5ugt,4,2,27|54|124|174
2500,lwla5ugt,1,2,166
2244,lwla5ugt,1,2,51
2501,lwla5ugt,1,2,169
2516,lwla5ugt,1,2,239
2502,lwla5ugt,1,2,170
2558,8zwsi4nk,1,2,301
2557,8zwsi4nk,1,2,298
2555,8zwsi4nk,1,2,272
2552,8zwsi4nk,1,2,266
2551,8zwsi4nk,1,2,264
2179,8zwsi4nk,1,2,259
2550,8zwsi4nk,1,2,256
2336,8zwsi4nk,1,2,255
2549,8zwsi4nk,1,2,250
2548,8zwsi4nk,1,2,243
2547,8zwsi4nk,1,2,239
2455,8zwsi4nk,1,2,237
2522,8zwsi4nk,1,2,86
2532,8zwsi4nk,1,2,142
2546,8zwsi4nk,1,2,214
2525,8zwsi4nk,1,2,104
2520,8zwsi4nk,1,2,53
2545,8zwsi4nk,1,2,212
2519,8zwsi4nk,1,2,21
2526,8zwsi4nk,1,2,106
2145,8zwsi4nk,1,2,131
2523,8zwsi4nk,1,2,87
2521,8zwsi4nk,1,2,67
2541,8zwsi4nk,1,2,183
2517,8zwsi4nk,1,2,11
2351,8zwsi4nk,1,2,12
2211,8zwsi4nk,1,2,15
2518,8zwsi4nk,1,2,19
2554,8zwsi4nk,1,2,270
2397,8zwsi4nk,1,2,89
2524,8zwsi4nk,1,2,101
2534,8zwsi4nk,1,2,160
2544,8zwsi4nk,1,2,196
2553,8zwsi4nk,1,2,268
2535,8zwsi4nk,1,2,162
2536,8zwsi4nk,1,2,163
2411,8zwsi4nk,2,2,109|169
2538,8zwsi4nk,1,2,180
2527,8zwsi4nk,1,2,134
2014,8zwsi4nk,5,2,73|123|151|206|293
2528,8zwsi4nk,1,2,136
2015,8zwsi4nk,5,2,75|125|153|208|295
2529,8zwsi4nk,1,2,137
2257,8zwsi4nk,1,2,139
2530,8zwsi4nk,2,2,140|262
2531,8zwsi4nk,1,2,141
2533,8zwsi4nk,2,2,146|170
2537,8zwsi4nk,1,2,166
2311,8zwsi4nk,1,2,175
2556,8zwsi4nk,1,2,274
2539,8zwsi4nk,1,2,181
2540,8zwsi4nk,1,2,182
2542,8zwsi4nk,1,2,185
2415,8zwsi4nk,2,2,201|288
2543,8zwsi4nk,2,2,195|282
2320,8zwsi4nk,1,2,231
2598,t20z4mtt,1,2,252
2596,t20z4mtt,1,2,239
2595,t20z4mtt,1,2,214
2565,t20z4mtt,1,2,47
2560,t20z4mtt,1,2,5
2566,t20z4mtt,1,2,48
2594,t20z4mtt,1,2,194
2567,t20z4mtt,2,2,52|231
2585,t20z4mtt,1,2,153
2564,t20z4mtt,1,2,31
2563,t20z4mtt,1,2,14
2576,t20z4mtt,1,2,110
2562,t20z4mtt,1,2,8
2587,t20z4mtt,2,2,163|179
2561,t20z4mtt,1,2,7
2578,t20z4mtt,1,2,122
2559,t20z4mtt,1,2,3
2597,t20z4mtt,1,2,240
2089,t20z4mtt,1,2,225
2582,t20z4mtt,1,2,141
2571,t20z4mtt,1,2,76
2568,t20z4mtt,1,2,62
2569,t20z4mtt,1,2,69
2570,t20z4mtt,1,2,74
2580,t20z4mtt,1,2,130
2017,t20z4mtt,1,2,85
2572,t20z4mtt,2,2,87|105
2575,t20z4mtt,1,2,102
2573,t20z4mtt,1,2,95
2574,t20z4mtt,1,2,96
2091,t20z4mtt,1,2,42
2584,t20z4mtt,1,2,149
2577,t20z4mtt,4,2,113|116|120|176
2374,t20z4mtt,1,2,209
2579,t20z4mtt,1,2,124
2581,t20z4mtt,1,2,134
2423,t20z4mtt,1,2,145
2583,t20z4mtt,1,2,147
2586,t20z4mtt,1,2,154
2588,t20z4mtt,1,2,170
2589,t20z4mtt,1,2,173
2590,t20z4mtt,1,2,183
2591,t20z4mtt,1,2,186
2592,t20z4mtt,1,2,188
2593,t20z4mtt,1,2,189
2422,t20z4mtt,1,2,207
2641,0gmtnkbh,1,2,443
2302,0gmtnkbh,1,2,430
2637,0gmtnkbh,1,2,386
2635,0gmtnkbh,1,2,361
2198,0gmtnkbh,1,2,330
2632,0gmtnkbh,2,2,329|455
2631,0gmtnkbh,1,2,325
2630,0gmtnkbh,1,2,320
2629,0gmtnkbh,1,2,319
2628,0gmtnkbh,1,2,307
2627,0gmtnkbh,1,2,303
2547,0gmtnkbh,1,2,452
2625,0gmtnkbh,1,2,286
2624,0gmtnkbh,1,2,278
2623,0gmtnkbh,1,2,273
2414,0gmtnkbh,1,2,421
2622,0gmtnkbh,1,2,267
2638,0gmtnkbh,1,2,394
2416,0gmtnkbh,5,2,252|254|257|259|264
2421,0gmtnkbh,1,2,243
2605,0gmtnkbh,5,2,84|182|184|193|229
2603,0gmtnkbh,18,2,64|65|67|71|72|73|74|75|76|77|78|79|87|89|91|93|95|99
2602,0gmtnkbh,1,2,63
2408,0gmtnkbh,1,2,157
2614,0gmtnkbh,1,2,149
2600,0gmtnkbh,1,2,35
2601,0gmtnkbh,1,2,38
2498,0gmtnkbh,1,2,251
2537,0gmtnkbh,1,2,269
2256,0gmtnkbh,1,2,33
2129,0gmtnkbh,1,2,167
2289,0gmtnkbh,1,2,82
2407,0gmtnkbh,1,2,25
2626,0gmtnkbh,1,2,288
2604,0gmtnkbh,1,2,69
2240,0gmtnkbh,2,2,169|406
2621,0gmtnkbh,1,2,233
2397,0gmtnkbh,2,2,19|141
2418,0gmtnkbh,2,2,322|355
2617,0gmtnkbh,1,2,199
2618,0gmtnkbh,1,2,207
2519,0gmtnkbh,3,2,313|397|454
2619,0gmtnkbh,1,2,212
2606,0gmtnkbh,1,2,97
2640,0gmtnkbh,1,2,441
2607,0gmtnkbh,1,2,102
2411,0gmtnkbh,1,2,413
2608,0gmtnkbh,1,2,106
2609,0gmtnkbh,1,2,114
2610,0gmtnkbh,1,2,120
2611,0gmtnkbh,1,2,124
2620,0gmtnkbh,2,2,231|266
2612,0gmtnkbh,1,2,125
2636,0gmtnkbh,1,2,376
2639,0gmtnkbh,1,2,434
2419,0gmtnkbh,1,2,133
2415,0gmtnkbh,1,2,135
2613,0gmtnkbh,1,2,143
2634,0gmtnkbh,1,2,351
2616,0gmtnkbh,1,2,178
2633,0gmtnkbh,2,2,334|426
2615,0gmtnkbh,1,2,156
2599,0gmtnkbh,1,2,6
2672,rrhh2alf,1,2,215
2671,rrhh2alf,1,2,185
2669,rrhh2alf,1,2,178
2668,rrhh2alf,2,2,174|176
2666,rrhh2alf,1,2,165
2656,rrhh2alf,2,2,99|143
2648,rrhh2alf,1,2,36
2251,rrhh2alf,1,2,30
2658,rrhh2alf,1,2,123
2645,rrhh2alf,2,2,27|45
2642,rrhh2alf,1,2,16
2322,rrhh2alf,1,2,110
2646,rrhh2alf,1,2,28
2235,rrhh2alf,1,2,167
2447,rrhh2alf,1,2,17
2644,rrhh2alf,1,2,24
2670,rrhh2alf,1,2,181
2262,rrhh2alf,1,2,210
2643,rrhh2alf,1,2,21
2650,rrhh2alf,1,2,57
2651,rrhh2alf,2,2,68|197
2652,rrhh2alf,3,2,70|76|127
2649,rrhh2alf,1,2,37
2653,rrhh2alf,1,2,74
2667,rrhh2alf,1,2,171
2654,rrhh2alf,2,2,80|138
2655,rrhh2alf,1,2,82
2024,rrhh2alf,2,2,92|130
2659,rrhh2alf,1,2,125
2662,rrhh2alf,1,2,148
2428,rrhh2alf,1,2,121
2660,rrhh2alf,1,2,135
2661,rrhh2alf,1,2,141
2647,rrhh2alf,1,2,34
2663,rrhh2alf,1,2,157
2664,rrhh2alf,1,2,158
2665,rrhh2alf,1,2,161
2657,rrhh2alf,1,2,111
2713,sgmk96vr,1,2,243
2712,sgmk96vr,1,2,235
2711,sgmk96vr,1,2,227
2125,sgmk96vr,1,2,210
2709,sgmk96vr,1,2,209
2681,sgmk96vr,2,2,56|239
2702,sgmk96vr,2,2,177|217
2685,sgmk96vr,1,2,66
2679,sgmk96vr,1,2,46
2684,sgmk96vr,1,2,63
2678,sgmk96vr,1,2,39
2676,sgmk96vr,1,2,31
2674,sgmk96vr,1,2,24
2694,sgmk96vr,1,2,120
2710,sgmk96vr,1,2,220
2423,sgmk96vr,1,2,226
2680,sgmk96vr,9,2,51|53|80|116|123|129|159|232|234
2675,sgmk96vr,2,2,28|54
2687,sgmk96vr,1,2,79
2478,sgmk96vr,1,2,29
2708,sgmk96vr,1,2,207
2220,sgmk96vr,1,2,1
2707,sgmk96vr,1,2,206
2705,sgmk96vr,1,2,198
2677,sgmk96vr,1,2,36
2691,sgmk96vr,1,2,112
2686,sgmk96vr,2,2,76|247
2682,sgmk96vr,1,2,57
2688,sgmk96vr,1,2,89
2703,sgmk96vr,1,2,181
2490,sgmk96vr,1,2,94
2701,sgmk96vr,1,2,165
2683,sgmk96vr,2,2,61|205
2432,sgmk96vr,1,2,100
2689,sgmk96vr,3,2,104|148|238
2690,sgmk96vr,1,2,109
2252,sgmk96vr,2,2,111|157
2692,sgmk96vr,1,2,115
2693,sgmk96vr,3,2,118|125|131
2695,sgmk96vr,1,2,122
2696,sgmk96vr,1,2,128
2256,sgmk96vr,1,2,138
2697,sgmk96vr,1,2,140
2218,sgmk96vr,1,2,141
2673,sgmk96vr,1,2,23
2416,sgmk96vr,2,2,142|144
2698,sgmk96vr,2,2,149|219
2699,sgmk96vr,1,2,152
2403,sgmk96vr,1,2,155
2700,sgmk96vr,1,2,164
2538,sgmk96vr,1,2,163
2522,sgmk96vr,1,2,175
2508,sgmk96vr,1,2,188
2704,sgmk96vr,1,2,193
2484,sgmk96vr,1,2,197
2706,sgmk96vr,1,2,203
2739,di0fcy0j,1,2,237
2091,di0fcy0j,1,2,232
2724,di0fcy0j,1,2,69
2722,di0fcy0j,1,2,59
2714,di0fcy0j,2,2,2|186
2721,di0fcy0j,1,2,43
2720,di0fcy0j,1,2,40
2723,di0fcy0j,1,2,60
2719,di0fcy0j,2,2,38|195
2718,di0fcy0j,1,2,36
2738,di0fcy0j,1,2,217
2737,di0fcy0j,1,2,157
2715,di0fcy0j,2,2,12|228
2717,di0fcy0j,2,2,30|44
2728,di0fcy0j,4,2,82|98|101|146
2626,di0fcy0j,1,2,5
2740,di0fcy0j,1,2,239
2726,di0fcy0j,3,2,71|137|216
2213,di0fcy0j,1,2,116
2727,di0fcy0j,1,2,73
2725,di0fcy0j,1,2,70
2716,di0fcy0j,6,2,13|33|47|206|224|229
2145,di0fcy0j,3,2,80|97|144
2729,di0fcy0j,2,2,84|159
2730,di0fcy0j,2,2,85|160
2731,di0fcy0j,1,2,90
2609,di0fcy0j,1,2,109
2736,di0fcy0j,1,2,154
2732,di0fcy0j,1,2,110
2733,di0fcy0j,1,2,115
2734,di0fcy0j,1,2,117
2564,di0fcy0j,1,2,122
2656,di0fcy0j,1,2,123
2735,di0fcy0j,1,2,130
2750,1ke7i2wr,1,2,33
2749,1ke7i2wr,1,2,26
2752,1ke7i2wr,1,2,39
2746,1ke7i2wr,1,2,19
2751,1ke7i2wr,1,2,37
2748,1ke7i2wr,1,2,23
2741,1ke7i2wr,1,2,4
2742,1ke7i2wr,1,2,6
2743,1ke7i2wr,1,2,10
2744,1ke7i2wr,1,2,13
2745,1ke7i2wr,1,2,17
2747,1ke7i2wr,1,2,21
2790,v95fzp8n,1,2,237
2206,v95fzp8n,1,2,231
2789,v95fzp8n,1,2,221
2653,v95fzp8n,2,2,211|219
2320,v95fzp8n,1,2,209
2758,v95fzp8n,1,2,35
2115,v95fzp8n,1,2,43
2358,v95fzp8n,1,2,65
2612,v95fzp8n,1,2,102
2788,v95fzp8n,1,2,220
2698,v95fzp8n,1,2,133
2791,v95fzp8n,1,2,240
2774,v95fzp8n,1,2,95
2754,v95fzp8n,1,2,16
2753,v95fzp8n,1,2,11
2781,v95fzp8n,1,2,121
2161,v95fzp8n,1,2,25
2771,v95fzp8n,1,2,91
2761,v95fzp8n,3,2,51|125|226
2760,v95fzp8n,6,2,49|86|162|164|214|227
2762,v95fzp8n,1,2,53
2786,v95fzp8n,1,2,181
2756,v95fzp8n,1,2,33
2351,v95fzp8n,1,2,166
2757,v95fzp8n,1,2,34
2755,v95fzp8n,1,2,23
2776,v95fzp8n,1,2,111
2770,v95fzp8n,1,2,89
2780,v95fzp8n,2,2,119|137
2763,v95fzp8n,1,2,59
2765,v95fzp8n,2,2,61|183
2766,v95fzp8n,2,2,62|184
2250,v95fzp8n,2,2,47|173
2764,v95fzp8n,2,2,60|182
2380,v95fzp8n,2,2,206|217
2779,v95fzp8n,1,2,117
2767,v95fzp8n,1,2,72
2768,v95fzp8n,1,2,73
2769,v95fzp8n,2,2,75|142
2291,v95fzp8n,1,2,79
2772,v95fzp8n,2,2,92|96
2773,v95fzp8n,2,2,94|98
2775,v95fzp8n,1,2,101
2777,v95fzp8n,1,2,112
2778,v95fzp8n,1,2,114
2453,v95fzp8n,1,2,116
2679,v95fzp8n,1,2,120
2361,v95fzp8n,1,2,174
2759,v95fzp8n,1,2,41
2782,v95fzp8n,1,2,126
2783,v95fzp8n,2,2,129|140
2784,v95fzp8n,1,2,135
2292,v95fzp8n,1,2,146
2785,v95fzp8n,1,2,165
2086,v95fzp8n,1,2,171
2787,v95fzp8n,1,2,188
2822,52vixim5,1,2,154
2820,52vixim5,1,2,150
2590,52vixim5,1,2,143
2818,52vixim5,1,2,139
2817,52vixim5,1,2,138
2812,52vixim5,1,2,119
2810,52vixim5,1,2,112
2704,52vixim5,1,2,108
2809,52vixim5,1,2,99
2816,52vixim5,1,2,137
2562,52vixim5,2,2,96|159
2808,52vixim5,1,2,88
2806,52vixim5,1,2,82
2113,52vixim5,1,2,131
2805,52vixim5,1,2,71
2161,52vixim5,1,2,98
2796,52vixim5,1,2,20
2815,52vixim5,1,2,136
2807,52vixim5,2,2,86|158
2795,52vixim5,2,2,13|24
2672,52vixim5,1,2,124
2799,52vixim5,1,2,35
2819,52vixim5,1,2,149
2798,52vixim5,1,2,33
2794,52vixim5,1,2,10
2105,52vixim5,1,2,9
2801,52vixim5,2,2,42|160
2803,52vixim5,1,2,65
2814,52vixim5,1,2,123
2813,52vixim5,1,2,122
2821,52vixim5,1,2,152
2150,52vixim5,1,2,51
2797,52vixim5,1,2,22
2811,52vixim5,1,2,114
2802,52vixim5,2,2,55|147
2800,52vixim5,1,2,39
2793,52vixim5,1,2,7
2008,52vixim5,1,2,59
2792,52vixim5,1,2,5
2804,52vixim5,1,2,69
2823,47ema2dq,2,2,4|104
2837,47ema2dq,1,2,84
2627,47ema2dq,1,2,12
2826,47ema2dq,1,2,18
2825,47ema2dq,1,2,13
2828,47ema2dq,1,2,32
2439,47ema2dq,1,2,33
2827,47ema2dq,1,2,25
2832,47ema2dq,2,2,73|176
2626,47ema2dq,1,2,8
2850,47ema2dq,1,2,196
2831,47ema2dq,2,2,48|229
2854,47ema2dq,1,2,225
2836,47ema2dq,2,2,83|125
2115,47ema2dq,1,2,9
2380,47ema2dq,1,2,166
2213,47ema2dq,1,2,43
2848,47ema2dq,1,2,159
2650,47ema2dq,1,2,65
2833,47ema2dq,1,2,74
2834,47ema2dq,1,2,80
2838,47ema2dq,1,2,85
2839,47ema2dq,1,2,87
2824,47ema2dq,1,2,10
2830,47ema2dq,1,2,44
2840,47ema2dq,1,2,90
2829,47ema2dq,2,2,40|228
2845,47ema2dq,1,2,136
2660,47ema2dq,1,2,110
2835,47ema2dq,1,2,81
2841,47ema2dq,1,2,92
2842,47ema2dq,1,2,112
2843,47ema2dq,1,2,113
2844,47ema2dq,2,2,129|143
2682,47ema2dq,1,2,138
2846,47ema2dq,1,2,145
2421,47ema2dq,1,2,146
2613,47ema2dq,1,2,148
2105,47ema2dq,1,2,211
2732,47ema2dq,1,2,204
2847,47ema2dq,1,2,156
2849,47ema2dq,1,2,190
2266,47ema2dq,1,2,193
2851,47ema2dq,1,2,198
2852,47ema2dq,1,2,199
2853,47ema2dq,1,2,206
2515,47ema2dq,1,2,209
2889,jzj8q25c,1,2,172
2888,jzj8q25c,1,2,163
2887,jzj8q25c,1,2,162
2886,jzj8q25c,1,2,161
2885,jzj8q25c,1,2,156
2884,jzj8q25c,1,2,138
2883,jzj8q25c,1,2,124
2882,jzj8q25c,1,2,120
2881,jzj8q25c,1,2,116
2880,jzj8q25c,1,2,103
2879,jzj8q25c,1,2,99
2878,jzj8q25c,1,2,90
2875,jzj8q25c,1,2,76
2874,jzj8q25c,4,2,73|127|131|149
2873,jzj8q25c,1,2,72
2855,jzj8q25c,2,2,1|151
2603,jzj8q25c,2,2,101|129
2857,jzj8q25c,1,2,9
2890,jzj8q25c,1,2,177
2870,jzj8q25c,1,2,48
2858,jzj8q25c,1,2,10
2073,jzj8q25c,1,2,4
2856,jzj8q25c,1,2,7
2867,jzj8q25c,3,2,36|74|132
2289,jzj8q25c,1,2,8
2859,jzj8q25c,1,2,11
2876,jzj8q25c,2,2,79|126
2860,jzj8q25c,1,2,12
2877,jzj8q25c,1,2,81
2861,jzj8q25c,1,2,13
2862,jzj8q25c,1,2,15
2863,jzj8q25c,1,2,20
2864,jzj8q25c,2,2,22|137
2865,jzj8q25c,1,2,24
2866,jzj8q25c,2,2,25|181
2707,jzj8q25c,1,2,188
2868,jzj8q25c,1,2,41
2869,jzj8q25c,1,2,43
2871,jzj8q25c,1,2,50
2872,jzj8q25c,1,2,54
2508,qg0fsliy,1,2,279
2736,qg0fsliy,1,2,278
2911,qg0fsliy,1,2,253
2910,qg0fsliy,1,2,244
2672,qg0fsliy,1,2,235
2894,qg0fsliy,1,2,31
2903,qg0fsliy,1,2,141
2896,qg0fsliy,1,2,56
2481,qg0fsliy,1,2,83
2902,qg0fsliy,1,2,140
2895,qg0fsliy,1,2,38
2014,qg0fsliy,1,2,145
2900,qg0fsliy,1,2,123
2891,qg0fsliy,8,2,9|12|28|53|67|86|251|268
2909,qg0fsliy,1,2,234
2354,qg0fsliy,2,2,3|95
2892,qg0fsliy,1,2,13
2893,qg0fsliy,1,2,17
2901,qg0fsliy,1,2,128
2038,qg0fsliy,1,2,224
2898,qg0fsliy,2,2,105|132
2899,qg0fsliy,2,2,118|155
2325,qg0fsliy,1,2,133
2904,qg0fsliy,1,2,147
2905,qg0fsliy,1,2,153
2213,qg0fsliy,1,2,226
2874,qg0fsliy,1,2,82
2907,qg0fsliy,1,2,193
2908,qg0fsliy,1,2,205
2906,qg0fsliy,1,2,159
2730,qg0fsliy,1,2,206
2897,qg0fsliy,2,2,77|170
2365,p7um7o87,1,2,275
2950,p7um7o87,1,2,272
2562,p7um7o87,1,2,266
2948,p7um7o87,1,2,259
2947,p7um7o87,1,2,245
2946,p7um7o87,1,2,243
2525,p7um7o87,1,2,233
2945,p7um7o87,1,2,226
2944,p7um7o87,1,2,206
2930,p7um7o87,1,2,109
2917,p7um7o87,1,2,60
2490,p7um7o87,1,2,59
2354,p7um7o87,1,2,28
2918,p7um7o87,1,2,67
2941,p7um7o87,1,2,187
2935,p7um7o87,1,2,124
2928,p7um7o87,1,2,104
2938,p7um7o87,1,2,155
2949,p7um7o87,1,2,271
2913,p7um7o87,1,2,10
2043,p7um7o87,2,2,13|34
2932,p7um7o87,1,2,118
2916,p7um7o87,1,2,58
2937,p7um7o87,1,2,131
2912,p7um7o87,1,2,2
2920,p7um7o87,2,2,76|129
2936,p7um7o87,1,2,130
2931,p7um7o87,1,2,116
2550,p7um7o87,1,2,185
2927,p7um7o87,1,2,96
2915,p7um7o87,1,2,53
2919,p7um7o87,1,2,74
2942,p7um7o87,1,2,189
2922,p7um7o87,5,2,83|98|101|216|229
2856,p7um7o87,1,2,85
2923,p7um7o87,1,2,87
2924,p7um7o87,1,2,88
2926,p7um7o87,2,2,92|114
2925,p7um7o87,1,2,91
2929,p7um7o87,1,2,106
2512,p7um7o87,1,2,108
2420,p7um7o87,1,2,50
2934,p7um7o87,1,2,123
2943,p7um7o87,1,2,200
2933,p7um7o87,1,2,119
2374,p7um7o87,1,2,136
2940,p7um7o87,1,2,182
2921,p7um7o87,1,2,79
2939,p7um7o87,1,2,174
2914,p7um7o87,1,2,30
2982,3k1tiuby,1,2,265
2981,3k1tiuby,1,2,263
2961,3k1tiuby,1,2,71
2960,3k1tiuby,1,2,63
2963,3k1tiuby,2,2,87|112
2968,3k1tiuby,1,2,120
2980,3k1tiuby,1,2,262
2956,3k1tiuby,2,2,26|205
2962,3k1tiuby,1,2,83
2951,3k1tiuby,7,2,5|35|67|86|169|213|257
2954,3k1tiuby,1,2,22
2091,3k1tiuby,1,2,10
2959,3k1tiuby,1,2,49
2495,3k1tiuby,3,2,100|132|172
2114,3k1tiuby,3,2,179|191|202
2487,3k1tiuby,1,2,201
2952,3k1tiuby,1,2,17
2830,3k1tiuby,1,2,75
2059,3k1tiuby,1,2,94
2957,3k1tiuby,1,2,44
2953,3k1tiuby,2,2,20|181
2975,3k1tiuby,2,2,230|248
2979,3k1tiuby,1,2,252
2967,3k1tiuby,1,2,111
2955,3k1tiuby,1,2,24
2964,3k1tiuby,1,2,99
2096,3k1tiuby,2,2,103|133
2965,3k1tiuby,1,2,104
2977,3k1tiuby,1,2,240
2804,3k1tiuby,1,2,105
2966,3k1tiuby,1,2,108
2095,3k1tiuby,1,2,237
2381,3k1tiuby,1,2,258
2124,3k1tiuby,1,2,204
2970,3k1tiuby,1,2,160
2380,3k1tiuby,3,2,143|187|260
2958,3k1tiuby,1,2,46
2142,3k1tiuby,1,2,151
2969,3k1tiuby,1,2,152
2136,3k1tiuby,1,2,14
2971,3k1tiuby,1,2,162
2336,3k1tiuby,1,2,194
2972,3k1tiuby,1,2,174
2089,3k1tiuby,1,2,214
2978,3k1tiuby,1,2,246
2973,3k1tiuby,1,2,216
2974,3k1tiuby,1,2,219
2976,3k1tiuby,1,2,238
2922,xvi5miqw,1,2,77
2991,xvi5miqw,3,2,66|143|164
2995,xvi5miqw,1,2,92
2106,xvi5miqw,1,2,158
2999,xvi5miqw,1,2,102
2475,xvi5miqw,1,2,218
2989,xvi5miqw,1,2,44
2805,xvi5miqw,1,2,115
2262,xvi5miqw,2,2,116|156
2994,xvi5miqw,1,2,89
2987,xvi5miqw,1,2,36
2831,xvi5miqw,1,2,104
2444,xvi5miqw,1,2,19
2998,xvi5miqw,1,2,98
2985,xvi5miqw,1,2,14
2096,xvi5miqw,1,2,202
2988,xvi5miqw,1,2,38
2992,xvi5miqw,3,2,68|145|166
2823,xvi5miqw,1,2,22
2983,xvi5miqw,1,2,8
2984,xvi5miqw,1,2,10
2986,xvi5miqw,2,2,17|204
2990,xvi5miqw,1,2,52
2400,xvi5miqw,1,2,21
2222,xvi5miqw,2,2,122|209
2993,xvi5miqw,1,2,86
2997,xvi5miqw,1,2,95
2777,xvi5miqw,1,2,118
2379,xvi5miqw,1,2,135
2122,xvi5miqw,2,2,124|150
2123,xvi5miqw,2,2,125|151
2810,xvi5miqw,1,2,160
2996,xvi5miqw,1,2,93
2242,xvi5miqw,1,2,81
2039,1i36lsj2,1,2,151
2679,1i36lsj2,1,2,112
2477,1i36lsj2,1,2,100
2401,1i36lsj2,1,2,132
2653,1i36lsj2,1,2,111
2533,1i36lsj2,2,2,82|123
2417,1i36lsj2,1,2,134
2292,1i36lsj2,1,2,109
2596,1i36lsj2,1,2,114
2920,4k8f7ou1,1,2,48
2936,4k8f7ou1,1,2,233
2679,4k8f7ou1,1,2,102
2394,4k8f7ou1,1,2,44
2640,4k8f7ou1,1,2,75
2061,4k8f7ou1,1,2,143
2017,4k8f7ou1,1,2,95
2716,4k8f7ou1,1,2,253
2202,4k8f7ou1,1,2,127
2323,4k8f7ou1,1,2,181
2397,wnnsmx60,1,2,16
2702,wnnsmx60,1,2,89
2920,wnnsmx60,1,2,27
2379,wnnsmx60,1,2,26
2159,wnnsmx60,1,2,30
2823,wnnsmx60,1,2,92
2708,wnnsmx60,1,2,69
2047,wnnsmx60,1,2,77
2292,mtmgur1u,1,2,260
2767,mtmgur1u,1,2,236
2674,mtmgur1u,2,2,34|300
2368,mtmgur1u,3,2,56|259|333
2366,mtmgur1u,1,2,153
2990,mtmgur1u,1,2,52
2661,mtmgur1u,3,2,43|100|315
2291,mtmgur1u,2,2,91|204
2218,mtmgur1u,6,2,12|71|135|265|287|329
2317,mtmgur1u,1,2,157
2967,mtmgur1u,1,2,130
2852,mtmgur1u,2,2,106|187
2650,mtmgur1u,1,2,8
2906,mtmgur1u,1,2,172
2791,mtmgur1u,2,2,213|306
2161,gdsfkw1b,1,2,182
2475,gdsfkw1b,1,2,144
2100,gdsfkw1b,1,2,190
2518,gdsfkw1b,1,2,183
2852,gdsfkw1b,1,2,66
2798,gdsfkw1b,1,2,26
2257,gdsfkw1b,1,2,58
2331,gdsfkw1b,3,2,52|69|95
2040,0s6ort9f,1,2,288
2845,0s6ort9f,1,2,262
2361,0s6ort9f,2,2,157|201
2292,0s6ort9f,2,2,149|193
2851,0s6ort9f,1,2,308
2360,0s6ort9f,2,2,153|197
2466,0s6ort9f,2,2,32|53
2250,0s6ort9f,1,2,22
2758,0s6ort9f,1,2,10
2850,0s6ort9f,1,2,305
2830,0s6ort9f,1,2,74
2535,0s6ort9f,1,2,30
2518,0s6ort9f,1,2,3
2351,zl5lgcog,1,2,17
2476,zl5lgcog,1,2,5
2129,zl5lgcog,1,2,6
2640,2su7oqbz,1,2,110
2443,2su7oqbz,1,2,92
2091,2su7oqbz,1,2,72
2521,2su7oqbz,1,2,70
2919,2su7oqbz,1,2,66
2735,2su7oqbz,1,2,104
2999,2su7oqbz,2,2,32|96
2033,2su7oqbz,1,2,7
2004,2su7oqbz,1,2,105
2893,2su7oqbz,1,2,5
2059,2su7oqbz,1,2,1
2361,2su7oqbz,1,2,22
2798,2su7oqbz,1,2,24
2940,2su7oqbz,3,2,0|68|132
2550,2su7oqbz,1,2,128
2308,yba7mdtb,1,2,226
2519,yba7mdtb,1,2,182
2909,yba7mdtb,1,2,219
2688,yba7mdtb,1,2,49
2320,yba7mdtb,1,2,166
2257,yba7mdtb,1,2,27
2215,yba7mdtb,1,2,14
2769,yba7mdtb,1,2,143
2330,yba7mdtb,1,2,176
2963,yba7mdtb,1,2,103
2325,yba7mdtb,1,2,92
2292,yba7mdtb,1,2,178
2652,ic4d9dhk,2,2,52|149
2244,ic4d9dhk,1,2,46
2863,ic4d9dhk,1,2,125
2412,ic4d9dhk,1,2,61
2920,ic4d9dhk,1,2,14
2666,ic4d9dhk,1,2,188
2145,ic4d9dhk,1,2,73
2389,ic4d9dhk,1,2,6
2405,ic4d9dhk,1,2,31
2611,ic4d9dhk,1,2,75
2475,ic4d9dhk,1,2,171
2651,ic4d9dhk,1,2,50
2896,jh9e85c0,1,2,190
2626,jh9e85c0,1,2,180
2939,jh9e85c0,1,2,135
2688,jh9e85c0,1,2,169
2107,jh9e85c0,1,2,132
2404,jh9e85c0,1,2,178
2188,jh9e85c0,1,2,61
2983,jh9e85c0,1,2,149
2824,jh9e85c0,1,2,43
2959,jh9e85c0,1,2,54
2738,jh9e85c0,1,2,16
2382,jh9e85c0,1,2,65
2292,7vi6skvh,1,2,109
2656,7vi6skvh,1,2,14
2454,7vi6skvh,1,2,33
2025,efrv5nvf,1,2,87
2863,efrv5nvf,1,2,47
2291,efrv5nvf,1,2,73
2248,xtg0e142,1,2,116
2842,xtg0e142,1,2,92
2891,xtg0e142,8,2,15|19|33|43|75|86|112|142
2246,xtg0e142,1,2,8
2354,xtg0e142,2,2,3|13
2892,xtg0e142,2,2,14|16
2313,xtg0e142,1,2,133
2361,bbvxu8op,5,2,50|127|155|176|203
2039,bbvxu8op,1,2,67
2498,bbvxu8op,4,2,7|84|150|163
2812,bbvxu8op,1,2,35
2298,bbvxu8op,1,2,65
2360,bbvxu8op,1,2,52
2301,bbvxu8op,4,2,30|86|170|216
2179,bbvxu8op,1,2,120
2294,bbvxu8op,1,2,153
2320,bbvxu8op,1,2,154
2091,bbvxu8op,1,2,220
2302,bbvxu8op,5,2,32|92|166|209|212
2816,bbvxu8op,1,2,221
2657,bbvxu8op,5,2,14|1|54|72|247
2315,e6e5nvn9,1,2,64
2354,e6e5nvn9,3,2,21|96|244
2043,e6e5nvn9,1,2,31
2640,e6e5nvn9,1,2,293
2744,e6e5nvn9,1,2,67
2865,e6e5nvn9,1,2,22
2637,e6e5nvn9,1,2,136
2263,e6e5nvn9,2,2,83|118
2075,e6e5nvn9,1,2,280
2698,e6e5nvn9,1,2,215
2041,e6e5nvn9,1,2,142
2936,e6e5nvn9,2,2,150|246
2791,e6e5nvn9,1,2,171
2733,e6e5nvn9,1,2,192
2530,q1y8uscj,1,2,173
2813,q1y8uscj,1,2,162
2508,q1y8uscj,1,2,126
2077,q1y8uscj,1,2,35
2485,q1y8uscj,1,2,187
2494,q1y8uscj,1,2,195
2124,q1y8uscj,1,2,9
2509,q1y8uscj,1,2,111
2478,q1y8uscj,2,2,148|198
2497,q1y8uscj,1,2,65
2096,q1y8uscj,1,2,21
2736,q1y8uscj,1,2,32
2425,q1y8uscj,1,2,36
2115,q1y8uscj,1,2,191
2111,q1y8uscj,1,2,56
2504,q1y8uscj,1,2,47
2952,lgcmamfb,1,2,29
2091,lgcmamfb,1,2,21
2543,4u2re1cu,1,2,254
2157,4u2re1cu,1,2,228
2602,4u2re1cu,1,2,206
2059,4u2re1cu,1,2,53
2983,4u2re1cu,1,2,45
2558,4u2re1cu,1,2,2
2096,4u2re1cu,1,2,12
2604,4u2re1cu,1,2,123
2391,4u2re1cu,1,2,32
2162,4u2re1cu,1,2,68
2416,4u2re1cu,1,2,112
2297,4u2re1cu,1,2,119
2863,4u2re1cu,1,2,104
2277,4u2re1cu,2,2,61|257
2689,4u2re1cu,1,2,116
2058,4u2re1cu,1,2,158
2702,4u2re1cu,1,2,55
2445,4u2re1cu,1,2,160
2020,e62cfqt7,1,2,132
2292,e62cfqt7,1,2,79
2727,e62cfqt7,7,2,16|53|75|101|116|121|142
2867,e62cfqt7,1,2,19
2519,e62cfqt7,1,2,21
2333,e62cfqt7,1,2,118
2908,e62cfqt7,1,2,45
2730,e62cfqt7,1,2,46
2602,e62cfqt7,1,2,58
2859,04cuk2cn,1,2,85
2008,04cuk2cn,1,2,82
2689,04cuk2cn,1,2,78
2289,04cuk2cn,1,2,68
2745,04cuk2cn,1,2,19
2636,04cuk2cn,1,2,21
2994,mvxz7lx7,1,2,36
2993,mvxz7lx7,1,2,33
2331,m9rg6d3w,1,2,220
2111,m9rg6d3w,1,2,230
2713,m9rg6d3w,1,2,177
2446,m9rg6d3w,2,2,23|55
2936,m9rg6d3w,1,2,133
2669,m9rg6d3w,1,2,222
2729,m9rg6d3w,1,2,188
2541,4cvy9u28,1,2,212
2457,4cvy9u28,1,2,211
2791,4cvy9u28,1,2,176
2423,4cvy9u28,1,2,137
2638,4cvy9u28,2,2,118|172
2035,4cvy9u28,1,2,76
2938,4cvy9u28,1,2,103
2602,4cvy9u28,1,2,87
2405,4cvy9u28,1,2,10
2896,4cvy9u28,1,2,64
2742,89xnnvuv,1,2,322
2863,89xnnvuv,1,2,310
2879,89xnnvuv,1,2,307
2903,89xnnvuv,2,2,205|217
2395,89xnnvuv,1,2,273
2983,89xnnvuv,1,2,295
2401,89xnnvuv,3,2,61|130|219
2812,89xnnvuv,2,2,16|246
2150,89xnnvuv,2,2,41|176
2446,89xnnvuv,3,2,90|117|242
2491,89xnnvuv,2,2,152|166
2237,89xnnvuv,1,2,164
2973,89xnnvuv,2,2,105|135
2096,89xnnvuv,1,2,35
2421,89xnnvuv,1,2,137
2040,89xnnvuv,1,2,162
2039,89xnnvuv,1,2,186
2415,89xnnvuv,1,2,224
2845,89xnnvuv,1,2,256
2035,zowp10ts,1,2,103
2416,zowp10ts,1,2,179
2679,zowp10ts,1,2,114
2965,zowp10ts,1,2,19
2078,zowp10ts,1,2,3
2421,zowp10ts,1,2,140
2655,zowp10ts,1,2,96
2320,zowp10ts,1,2,117
2325,zowp10ts,1,2,90
2691,zowp10ts,1,2,158
2444,i4pmux28,1,2,2
2759,jw1lxwyd,1,2,278
2660,jw1lxwyd,1,2,271
2136,jw1lxwyd,1,2,224
2484,jw1lxwyd,1,2,243
2096,jw1lxwyd,3,2,121|190|197
2795,jw1lxwyd,2,2,55|273
2735,jw1lxwyd,1,2,272
2827,jw1lxwyd,2,2,228|282
2430,jw1lxwyd,1,2,35
2427,jw1lxwyd,2,2,40|45
2768,jw1lxwyd,2,2,83|110
2154,jw1lxwyd,2,2,116|182
2445,jw1lxwyd,1,2,0
2123,jw1lxwyd,2,2,135|261
2266,jw1lxwyd,1,2,5
2767,jw1lxwyd,3,2,81|161|172
2129,jw1lxwyd,1,2,105
2805,jw1lxwyd,2,2,111|136
2990,jw1lxwyd,1,2,119
2993,jw1lxwyd,1,2,122
2485,jw1lxwyd,1,2,167
2401,jw1lxwyd,1,2,129
2122,jw1lxwyd,2,2,134|260
2625,jw1lxwyd,1,2,137
2772,jw1lxwyd,3,2,160|171|193
2264,jw1lxwyd,1,2,174
2351,jw1lxwyd,1,2,175
2848,jw1lxwyd,2,2,82|109
2147,xiv9vxdp,1,2,66
2100,xiv9vxdp,1,2,84
2365,xiv9vxdp,1,2,8
2089,xiv9vxdp,1,2,2
2250,xiv9vxdp,1,2,20
2791,xiv9vxdp,1,2,21
2445,xiv9vxdp,1,2,57
2096,xiv9vxdp,3,2,34|63|83
2090,xiv9vxdp,1,2,47
2095,xiv9vxdp,1,2,60
2122,xiv9vxdp,1,2,53
2155,mcfmxqp2,1,2,157
2475,mcfmxqp2,1,2,152
2422,mcfmxqp2,1,2,134
2566,mcfmxqp2,1,2,175
2565,mcfmxqp2,1,2,174
2946,mcfmxqp2,1,2,116
2043,mcfmxqp2,1,2,79
2417,mcfmxqp2,1,2,69
2089,mcfmxqp2,1,2,13
2638,mcfmxqp2,1,2,95
2003,mcfmxqp2,2,2,9|22
2723,mcfmxqp2,1,2,120
2533,mcfmxqp2,1,2,26
2034,mcfmxqp2,1,2,101
2542,mcfmxqp2,1,2,49
2954,mcfmxqp2,1,2,51
2090,mcfmxqp2,2,2,10|17
2907,mcfmxqp2,1,2,65
2580,5dk231qs,1,2,149
2314,5dk231qs,1,2,124
2954,5dk231qs,1,2,93
2112,5dk231qs,1,2,86
2618,5dk231qs,1,2,11
2533,5dk231qs,1,2,54
2571,snqdma0s,3,2,116|144|156
2735,snqdma0s,1,2,107
2075,snqdma0s,1,2,77
2021,snqdma0s,1,2,33
2326,snqdma0s,2,2,18|39
2562,snqdma0s,1,2,67
2979,snqdma0s,1,2,53
2543,snqdma0s,1,2,166
2416,snqdma0s,1,2,130
2643,snqdma0s,1,2,13
2612,1pq6dkl5,1,2,178
2255,1pq6dkl5,1,2,164
2410,1pq6dkl5,1,2,160
2784,1pq6dkl5,1,2,146
2291,1pq6dkl5,1,2,121
2339,1pq6dkl5,2,2,119|174
2790,1pq6dkl5,1,2,105
2704,1pq6dkl5,1,2,86
2380,1pq6dkl5,1,2,64
2100,1pq6dkl5,1,2,70
2684,1pq6dkl5,1,2,27
2816,1pq6dkl5,1,2,90
2688,1pq6dkl5,1,2,145
2525,1pq6dkl5,1,2,176
2535,1pq6dkl5,1,2,59
2734,1pq6dkl5,1,2,4
2034,402ls2aq,3,2,32|38|51
2179,402ls2aq,1,2,25
2025,754nln40,1,2,141
2845,754nln40,1,2,102
2601,754nln40,1,2,151
2004,754nln40,2,2,49|118
2899,754nln40,1,2,27
2525,754nln40,2,2,99|154
2954,754nln40,1,2,45
2913,754nln40,1,2,34
2613,754nln40,1,2,116
2967,4mnaicki,1,2,210
2091,4mnaicki,1,2,198
2541,4mnaicki,1,2,107
2689,4mnaicki,1,2,101
2937,4mnaicki,1,2,15
2346,4mnaicki,1,2,8
2374,4mnaicki,1,2,148
2525,4mnaicki,1,2,142
2248,ztkjm79p,1,2,260
2085,ztkjm79p,1,2,243
2432,ztkjm79p,1,2,239
2411,ztkjm79p,1,2,46
2129,ztkjm79p,1,2,122
2198,ztkjm79p,1,2,266
2455,ztkjm79p,3,2,205|209|214
2320,ztkjm79p,3,2,114|189|200
2941,ztkjm79p,1,2,44
2798,ztkjm79p,1,2,75
2095,ztkjm79p,1,2,86
2978,ztkjm79p,3,2,137|176|208
2768,ztkjm79p,3,2,135|153|181
2181,ztkjm79p,2,2,139|211
2098,ztkjm79p,1,2,148
2419,ztkjm79p,1,2,166
2845,ztkjm79p,1,2,221
2143,p34ezktf,1,2,133
2095,p34ezktf,2,2,112|130
2955,p34ezktf,1,2,104
2213,p34ezktf,1,2,134
2709,p34ezktf,2,2,17|121
2431,p34ezktf,1,2,156
2707,p34ezktf,1,2,51
2845,p34ezktf,1,2,27
2405,p34ezktf,1,2,21
2852,p34ezktf,1,2,25
2017,p34ezktf,1,2,78
2391,p34ezktf,1,2,24
2795,p34ezktf,1,2,85
2922,p34ezktf,1,2,74
2180,p34ezktf,1,2,6
2380,p34ezktf,1,2,152
2626,p34ezktf,1,2,35
2442,p34ezktf,1,2,103
2823,p34ezktf,1,2,41
2133,p34ezktf,1,2,132
2260,p34ezktf,1,2,47
2985,p34ezktf,3,2,52|113|151
2954,p34ezktf,1,2,64
2379,0fitbwuv,1,2,111
2518,0fitbwuv,1,2,85
2158,0fitbwuv,1,2,28
2509,0fitbwuv,1,2,108
2490,0fitbwuv,1,2,75
2365,0fitbwuv,1,2,122
2662,0fitbwuv,1,2,53
2986,0fitbwuv,1,2,76
2660,0fitbwuv,1,2,81
