ug7v899j,839:1;81:1;837:1;840:1;332:1;835:1;834:1;239:1;833:1;832:1;831:1;830:1;829:3;828:1;827:1;826:1;825:1;824:1;822:1;836:1;74:3;248:1;121:1;821:1;820:2;819:1;817:1;816:1;815:1;814:2;813:1;812:1;811:1;810:1;808:1;807:6;806:1;805:1;804:1;802:4;801:5;475:2;474:1;809:1;47:4;766:1;372:11;785:1;765:1;780:1;764:1;818:1;56:10;762:1;367:1;113:9;291:1;799:1;37:2;763:1;800:1;38:1;823:1;315:1;787:3;25:2;789:2;27:9;790:1;28:2;791:1;29:2;841:1;206:2;792:1;30:2;793:1;31:5;757:2;794:1;32:5;758:2;795:1;33:2;759:2;796:1;34:2;760:1;797:3;35:2;761:1;640:3;767:1;769:1;798:2;36:2;163:2;770:1;771:1;768:3;6:2;773:10;772:1;774:2;13:10;775:1;776:1;803:1;422:1;777:1;778:1;271:2;779:2;781:1;782:1;783:6;606:1;838:1;457:1;76:2;784:1;842:1;334:1;786:1;26:2;788:5
02tnwd4m,891:1;890:1;889:1;887:1;886:1;888:1;761:2;885:1;884:1;883:1;882:1;881:1;880:1;879:1;830:1;878:1;877:1;876:1;874:1;873:1;872:1;294:1;189:1;871:1;869:1;849:2;435:1;848:2;434:1;85:1;847:1;846:1;20:1;845:7;547:1;875:1;113:1;865:1;452:1;843:1;321:2;852:1;457:2;806:1;44:1;844:1;206:2;315:1;442:2;855:1;38:1;864:2;43:2;46:1;45:4;47:3;48:3;529:2;49:2;27:13;853:2;42:2;868:1;140:3;13:11;850:1;791:3;74:5;56:5;310:3;851:1;870:1;235:3;854:1;602:1;856:1;857:2;604:1;858:1;859:1;860:1;226:2;861:1;271:1;862:1;863:1;866:1;831:1;867:1;581:1
ejv2xln0,965:1;964:1;858:1;958:1;959:1;70:2;846:2;956:1;853:1;955:1;954:1;953:1;952:1;951:1;241:1;206:1;949:1;942:1;941:3;940:1;882:1;939:1;938:1;935:1;932:1;931:2;627:1;930:1;929:1;928:1;239:1;163:1;925:1;416:2;924:1;161:1;923:1;901:1;950:1;442:6;914:1;937:1;683:1;48:3;100:3;934:1;299:1;45:1;957:1;576:1;963:1;74:9;900:1;962:1;73:2;899:2;927:2;38:1;895:1;943:2;54:4;896:2;944:1;55:2;897:2;960:1;71:2;310:1;945:2;56:17;898:2;140:1;902:1;13:13;961:1;72:2;946:1;57:1;947:1;58:1;875:1;113:4;494:1;907:1;848:1;948:1;59:1;892:9;936:1;47:5;385:1;893:1;903:1;894:1;640:1;904:2;905:3;271:2;17:11;906:1;854:2;913:1;908:1;20:3;909:1;277:1;912:1;529:1;910:1;911:1;915:1;662:1;27:14;916:2;917:1;918:2;919:3;920:2;926:1;418:1;921:2;414:1;922:1;933:1;806:2
2b73a28n,306:1;985:1;130:1;761:1;664:1;984:1;983:1;13:2;981:1;599:1;754:1;46:1;45:2;56:4;968:1;970:1;967:1;315:1;20:3;49:2;977:1;57:1;529:3;140:1;966:3;982:1;38:1;48:3;976:1;47:4;975:1;63:3;64:2;939:1;113:1;969:1;322:1;27:4;971:1;205:1;972:1;442:2;973:1;974:1;978:1;448:1;271:2;979:1;980:1
9785vg6d,1027:1;462:1;1026:1;797:1;20:1;1025:1;1024:1;1023:1;1021:1;155:1;1020:1;130:1;1019:1;1018:1;1017:1;1016:1;1015:1;571:1;1014:1;1013:1;938:2;994:1;993:1;992:1;991:1;47:5;990:1;321:2;988:1;807:1;27:5;56:6;1000:1;987:1;995:1;419:2;38:1;69:3;70:2;943:1;471:1;14:2;13:4;72:2;71:2;74:4;75:2;547:1;76:2;989:1;206:3;732:1;859:1;986:1;1022:1;514:1;32:1;996:1;997:1;998:1;1002:1;113:1;999:1;947:1;1006:1;1008:1;246:1;627:1;1001:2;241:1;1003:1;1004:1;926:1;1005:1;271:3;1007:1;755:1;1009:1;756:1;1010:1;122:1;1011:1;315:1;73:2;835:1;1012:1
zjufx4fo,1081:1;1078:1;1075:1;1074:1;1073:1;1079:1;63:1;1070:1;1069:1;1068:1;1067:1;640:1;1066:1;1064:1;231:1;391:1;1071:1;817:1;131:1;1062:1;1061:1;552:4;1060:1;1059:1;1058:1;623:1;498:1;1010:1;1056:1;1055:1;1072:1;56:2;354:1;984:1;1076:1;822:2;881:1;350:1;1080:1;699:1;1034:3;1032:1;88:4;1077:1;442:1;74:4;904:1;1031:2;87:4;89:5;871:2;1048:1;14:1;268:1;1030:4;86:2;1057:1;676:1;1035:1;79:3;85:4;321:2;1041:1;140:2;1029:1;13:12;1028:1;84:3;80:1;81:2;82:7;83:6;20:4;1036:1;1037:1;1038:1;779:1;1033:1;271:3;1039:1;1040:1;761:2;1042:2;916:1;27:8;1043:1;1044:1;1053:1;926:1;1045:1;1065:6;303:1;1063:1;47:1;1050:2;1046:2;1047:1;33:1;1049:1;1051:1;992:1;163:3;1052:1;1011:1;122:1;38:1;1054:2
ymceytj3,1120:1;1118:1;239:1;161:1;294:1;882:1;1014:1;1114:1;1113:1;1011:2;1010:1;1092:2;74:1;1090:1;38:1;1100:1;1089:1;27:12;1084:4;322:1;1088:1;14:3;1087:1;861:1;1115:2;99:1;1102:1;1085:2;1096:1;442:3;1091:1;81:2;970:1;1097:1;271:1;1116:1;989:5;1107:1;1111:1;95:5;971:2;1098:1;1083:5;1082:2;20:7;1112:1;96:2;1099:1;5:2;47:1;93:2;1109:1;451:1;1086:1;1093:1;1094:1;1119:1;992:1;94:3;1110:1;1095:1;13:6;521:1;56:4;306:1;1117:1;482:1;117:1;1101:1;1103:1;1104:1;1105:2;1106:1;761:1;92:1;1108:1
wzj2glte,958:1;181:1;1155:1;599:1;76:1;1153:1;85:1;70:1;21:1;1151:2;1150:1;416:1;47:1;1149:1;640:1;1148:1;131:1;1147:1;1146:1;1145:1;1144:1;1143:1;1127:2;1126:1;82:1;81:2;22:3;1125:1;235:1;1124:1;1123:1;271:1;306:1;1132:1;161:1;102:4;442:4;38:1;350:1;817:1;55:8;1152:1;263:1;916:1;27:8;89:1;995:1;1122:1;20:3;79:2;1141:1;98:2;99:3;19:2;1140:1;1121:5;100:4;1157:1;14:2;101:4;992:2;1128:1;1135:1;246:2;1131:1;56:2;680:1;839:1;1093:1;113:2;1129:1;74:1;1154:1;900:3;247:1;1136:2;114:2;1130:1;33:2;1133:1;1156:1;13:12;372:2;1134:1;1142:1;761:3;163:1;1010:1;1137:1;1011:2;1138:1;1139:1
2sfqsfm1,1203:1;1202:1;1201:1;1200:1;353:1;1197:1;1100:1;1120:1;1196:1;1106:1;1195:1;1194:1;1193:1;1191:1;1189:1;264:2;851:1;1105:1;1186:1;837:1;1058:1;1185:1;580:1;98:1;1184:1;1103:3;1183:1;100:1;1182:1;82:1;1098:1;1179:1;1178:1;1192:1;303:1;1177:1;1176:2;1081:1;388:1;93:1;1187:1;44:4;1165:1;768:4;246:2;1190:1;47:6;322:1;13:19;970:1;81:1;589:1;116:3;1159:2;1181:1;38:1;115:2;1199:1;56:8;442:4;94:3;1160:1;271:3;5:2;109:1;1171:1;108:2;27:10;1170:1;110:1;1172:1;869:1;234:1;107:2;1169:2;79:1;1168:1;787:1;1173:1;111:3;1127:1;230:1;666:1;1174:1;1198:1;55:1;241:1;114:2;113:2;1175:1;1158:1;74:4;112:4;239:1;1188:1;680:1;1161:1;1010:1;781:1;1162:1;20:5;1163:1;1164:1;268:1;14:1;1166:1;1167:1;291:2;1180:1;799:1;117:3;371:1
i0zym7iq,1245:1;1012:1;307:1;995:1;306:1;1243:1;1242:1;1241:1;1244:1;482:1;1240:1;1238:1;1237:1;1236:1;271:1;944:1;1235:3;1234:1;804:1;1239:1;350:2;1050:1;1034:1;552:1;1227:1;1031:1;871:1;1215:1;1038:3;1212:1;1211:1;851:1;1232:1;89:3;1081:1;1208:1;1230:1;87:4;1214:1;1037:1;1226:1;83:3;1204:1;1029:1;13:15;767:1;1106:1;1233:1;471:1;1210:1;321:2;571:1;1206:1;1228:1;85:2;1205:1;1028:5;56:7;121:3;1213:1;1130:1;241:1;38:1;1041:1;1218:5;1231:1;88:2;1209:1;1011:2;122:4;1207:1;1229:1;86:2;676:1;27:8;14:1;268:1;1030:4;47:2;1036:1;20:8;835:1;1216:1;992:1;230:1;836:1;74:3;1217:1;1040:1;1219:1;76:1;1073:1;163:2;82:8;1225:1;1220:1;1221:1;79:2;1222:1;334:1;1223:1;81:1;589:2;1224:1;1042:1;788:1
5yhe786e,1278:1;1277:1;545:1;72:1;1231:1;542:1;797:1;1266:1;930:1;1265:1;13:1;1264:1;1263:1;1262:1;216:1;851:1;442:1;791:1;142:2;1270:1;127:2;835:1;20:4;1259:1;27:3;1247:1;1269:1;126:3;1246:1;1268:1;125:1;995:1;1249:1;1271:1;128:3;321:1;1272:1;129:2;234:1;1250:1;38:1;1267:1;505:1;271:3;74:6;1276:1;641:1;387:2;133:1;841:2;1254:1;1273:1;130:2;1251:1;798:1;1274:2;131:3;236:1;1252:1;1275:1;386:2;132:3;1253:1;1257:1;944:1;604:2;1239:2;393:1;310:1;56:4;1248:1;994:1;47:4;329:1;849:1;960:2;1001:1;239:1;1255:1;1261:1;372:1;1007:1;787:1;25:1;1256:1;1258:1;1260:1
8zchiykl,1311:1;442:1;1310:1;767:1;1309:1;1064:1;205:1;44:1;47:2;100:2;1308:1;38:1;319:1;1280:1;137:2;1285:1;142:3;904:1;593:1;239:1;1301:1;1282:1;139:2;604:1;1283:1;13:7;140:2;1286:1;143:2;1284:1;141:3;56:5;787:2;25:1;1295:1;206:1;1279:1;271:1;779:1;144:3;1287:1;1288:1;1289:1;20:2;1290:1;1291:1;1292:1;1281:1;138:2;773:2;1304:1;1293:1;1294:1;1296:1;27:6;1297:1;1298:1;1299:1;1300:1;1302:1;1303:1;207:1;842:1;1305:1;1306:1;545:1;1307:1
xqhn0vbp,1381:1;1380:1;1379:1;1378:1;1238:1;1377:1;1376:1;1375:1;241:1;239:1;1374:1;226:1;268:1;761:2;1372:1;1371:1;1370:1;1324:1;766:2;131:1;1011:5;249:1;355:1;726:1;1361:1;1329:1;1321:1;1369:1;341:1;1357:1;1334:2;1316:1;1322:1;808:2;1256:2;113:2;1359:1;74:4;1344:1;1313:2;152:2;993:1;13:8;140:3;1320:2;1373:1;859:1;151:4;20:5;147:9;1319:1;788:1;153:2;1326:1;149:2;148:6;783:1;150:2;1317:1;289:3;32:1;154:3;779:2;155:3;451:1;1340:1;1323:2;38:1;156:2;1314:1;100:4;1346:3;1325:3;457:1;971:1;1367:1;82:1;1352:1;146:4;972:1;1353:1;442:2;1331:1;619:4;206:1;1349:1;973:1;1354:1;1327:1;1328:1;1351:1;1330:1;770:1;47:9;1332:1;1333:2;259:2;773:2;821:1;1335:1;1262:1;246:2;1336:1;1080:1;1337:4;1338:1;825:1;1339:3;904:1;992:1;56:7;1341:1;1342:1;768:1;1343:2;1345:1;1347:1;834:1;1348:1;1350:1;1137:1;1355:1;767:1;163:2;1312:1;27:14;798:1;1356:1;1315:1;801:1;1318:1;33:2;1131:1;1358:1;528:2;271:2;14:2;1360:1;1362:1;849:1;1363:1;1107:1;1364:1;851:1;1365:1;81:1;1366:1;1368:1
gi6uaa83,992:1;413:1;786:1;1398:1;630:1;1397:1;1396:1;1394:1;1393:1;56:2;1390:1;479:1;1399:1;160:1;1404:1;47:1;1168:1;165:1;1403:1;164:1;1402:1;163:2;1382:1;851:1;1392:1;271:1;14:1;604:1;1401:1;398:1;162:1;1400:1;161:4;1395:1;38:1;699:1;27:6;1384:1;1383:1;321:2;1385:1;939:1;113:2;1389:1;13:4;1386:1;1387:1;620:1;1388:1;1391:1
0m32ecnu,1451:1;1107:1;81:1;581:1;586:1;107:1;442:2;214:1;849:1;74:1;1437:1;131:2;1239:1;761:1;1436:1;984:1;291:1;1434:1;1433:1;1438:1;41:1;1432:1;542:1;1431:2;1452:1;944:2;1430:3;113:1;1048:1;413:1;1429:1;1428:1;1427:1;1426:1;1425:1;1423:1;1422:1;570:1;1005:1;1449:1;306:1;179:5;1418:2;1407:1;1405:2;1406:1;101:2;1450:1;180:4;1448:1;178:8;1447:1;177:3;1416:1;278:1;1421:1;1435:1;38:1;1439:1;169:4;1408:1;1409:1;1441:1;171:3;1404:1;1440:1;170:1;932:1;1417:1;20:7;79:2;321:2;1446:1;303:2;176:2;1415:1;58:1;1443:1;173:2;241:1;114:1;904:1;1412:1;1444:2;47:9;174:3;56:8;1413:1;1445:1;175:1;271:2;1414:1;916:2;1424:2;27:8;1442:1;680:1;172:1;1411:2;1075:1;102:2;1081:1;493:1;1010:1;630:1;1011:3;577:1;1212:1;1420:3;1410:1;13:11;140:1;1419:2;1038:1;100:1
le0ogx1s,971:2;1456:1;1455:1;1457:1;181:3;20:5;1458:2;182:2;13:4;81:1;1461:1;185:2;1459:1;38:1;183:2;56:1;27:4;1460:1;184:2;47:1;264:1;1453:1;1454:1
8qnrcgnk,1512:1;130:1;899:1;163:1;761:1;1269:1;393:1;664:1;46:1;1507:1;1506:1;1504:1;683:1;1262:1;388:2;33:1;1503:1;1502:1;1514:1;1133:1;1020:1;821:1;529:1;783:1;1499:1;1498:1;226:1;1496:1;1495:1;1494:1;1493:1;1510:1;113:2;367:1;1492:1;1110:1;1491:1;905:1;1490:1;728:1;1489:1;1487:1;1486:1;315:1;950:1;1485:1;1500:1;992:1;865:1;20:3;932:1;1463:1;174:1;301:1;47:10;1488:1;599:1;1484:1;1479:1;1057:6;930:1;416:1;81:2;1478:1;1501:1;739:1;45:3;680:1;1464:1;55:1;1511:1;114:2;38:1;1508:1;746:2;322:1;1465:1;189:5;433:1;306:4;1471:1;74:7;1466:1;63:2;190:3;140:1;13:7;451:2;1467:1;1080:1;191:2;1513:1;878:1;56:8;1472:1;307:1;434:1;57:3;1509:1;1001:1;1473:1;144:2;192:2;1462:9;435:2;1469:1;27:8;581:1;73:1;1470:1;514:1;1497:1;100:2;1474:1;1475:1;1476:1;1477:1;1480:1;1481:1;1482:1;1505:1;235:3;489:1;1483:1;1468:1;960:1;1330:1
3oxzzxnd,984:1;1556:1;81:1;321:1;1554:1;117:1;290:1;1557:1;1176:1;1553:1;1552:1;1057:1;1558:1;1431:1;239:1;366:1;1548:1;1546:1;1545:1;806:2;1549:1;787:1;588:1;1555:1;539:1;1542:1;511:1;1527:1;1525:1;935:1;1547:1;404:1;1522:1;174:1;47:4;383:1;1526:2;1520:1;1481:1;905:1;1540:1;1551:1;916:1;27:11;971:1;197:6;1544:1;20:3;1528:2;1523:1;761:1;1122:1;773:1;1535:1;1515:1;641:1;1530:1;1081:1;1516:1;100:2;165:1;38:1;1517:5;1524:1;781:1;1543:1;654:2;1539:1;1471:1;74:5;1521:1;72:5;1541:1;271:3;430:6;972:1;1402:1;1529:1;494:1;113:5;1531:2;56:5;1120:2;1533:1;389:1;1532:2;1519:2;1011:2;1071:1;817:1;55:2;944:1;1534:1;1518:7;1010:1;71:3;1536:1;1538:1;1550:1;1042:1;950:3;442:2;848:2;13:13;1537:1;140:2
fy4w7xz8,1628:1;1256:1;723:1;1626:1;1625:1;1624:1;1622:2;851:2;1389:1;1619:1;1165:1;1617:1;1615:1;1437:1;413:2;471:1;1611:1;1609:1;1608:1;1529:1;1607:2;321:2;1606:1;1605:1;1265:4;938:2;424:2;1567:1;1571:1;174:1;1570:3;797:1;1568:1;201:12;1566:1;114:3;1565:4;1573:2;216:4;1613:1;842:4;845:2;331:1;1616:1;74:9;588:5;207:2;1610:1;1096:1;960:1;1604:5;833:2;1595:1;222:1;349:1;113:6;786:2;529:1;1554:1;783:1;1618:1;76:6;203:4;1600:1;224:13;200:3;1598:2;56:11;773:4;1620:1;1363:3;142:4;904:1;5:5;1564:1;236:1;21:7;1563:1;206:2;1603:1;442:1;1585:1;784:1;13:17;140:1;161:1;403:3;1431:1;544:2;1315:1;1572:1;1580:3;38:1;20:5;1562:1;451:3;1597:1;1340:2;1594:4;261:1;202:5;1599:1;1559:1;1612:2;1355:1;1560:1;163:3;1623:1;81:3;204:4;1087:1;1601:2;1569:1;1312:1;27:15;916:7;1561:1;205:2;1221:1;1602:1;787:6;406:1;1574:1;643:1;1407:1;264:2;766:1;291:4;1576:3;806:1;1577:1;100:2;155:1;1321:1;1578:1;1579:1;944:1;1581:6;372:3;1068:1;811:1;1582:1;1583:1;121:1;1584:1;127:1;1586:1;1587:2;779:3;528:1;271:1;817:1;1588:1;47:7;1589:1;1590:1;1591:1;1592:1;1593:1;1596:1;1575:1;33:1;1621:1;1107:1;1627:1;85:1;599:1;1614:2;1100:2;1481:1;748:2;1005:1;226:3
jg13scgo,181:1;1688:1;1686:1;1684:1;1683:1;1682:1;1681:1;1679:1;226:1;861:1;1677:1;865:1;1675:1;1674:1;1673:1;1470:1;479:1;1670:1;1669:1;345:1;271:1;1668:1;971:2;1667:1;142:1;904:1;1666:1;1665:1;1685:1;1431:1;836:1;74:2;1661:1;1660:1;1659:1;1658:1;1657:1;640:1;1656:1;349:1;766:1;1655:1;1654:1;1652:1;1672:1;148:2;1096:1;207:2;81:3;311:2;693:1;1637:1;1630:1;214:3;450:1;1629:1;213:3;685:1;1632:1;724:1;216:5;1663:1;393:1;211:1;56:10;1653:1;764:1;1649:1;1678:1;27:7;1633:1;217:4;38:1;215:3;1631:1;85:1;212:7;49:2;1642:1;1093:1;1671:1;20:7;972:1;210:1;1634:1;1027:1;1662:2;11:1;837:7;140:1;1664:1;13:13;1687:1;290:1;163:2;1638:1;787:1;1676:1;25:1;1635:1;1680:1;791:2;1045:1;1636:2;496:1;1639:1;1640:1;174:3;47:6;1363:1;855:1;1514:1;1133:1;1641:1;321:1;1643:1;1644:1;1645:1;1647:1;1648:1;1646:1;249:3;1138:1;761:1;1650:1;1651:1
0qaoam29,1752:1;1751:1;1750:1;1431:1;1745:1;1744:1;234:1;1245:1;1743:1;1741:1;1740:1;1023:1;1739:1;1738:1;1737:1;494:1;1736:1;1221:1;1735:1;372:1;1734:1;1733:1;1732:1;1731:1;1473:1;1730:1;321:1;1404:1;958:1;1729:1;904:2;1728:1;842:1;797:1;1749:1;207:1;1096:2;1702:1;1686:1;779:1;1706:1;1011:6;1746:1;204:1;761:3;1701:1;532:1;773:1;1695:1;1437:1;1694:1;290:2;113:3;875:2;822:1;1711:1;114:2;241:1;56:6;1707:1;1700:2;225:1;47:6;1698:3;671:1;1699:1;995:2;224:8;604:1;1045:1;274:1;1696:2;221:1;1630:1;859:1;602:1;1107:3;599:2;1697:1;1507:1;222:6;984:1;1693:1;1689:2;38:1;163:2;1705:1;1691:1;1747:1;205:1;1727:1;442:2;1712:1;1748:1;206:1;5:1;266:1;1312:1;27:13;916:4;1742:1;971:2;1690:4;801:1;1692:1;1616:1;588:1;74:13;1093:1;836:1;100:3;1703:1;49:2;1077:1;306:1;1704:1;1378:1;1666:1;81:6;1623:1;226:4;223:5;480:1;854:1;1362:1;1554:3;1415:3;272:1;869:1;1708:2;1327:1;11:2;268:1;271:10;14:1;938:1;1709:1;1710:1;1713:1;1586:1;1305:1;791:2;20:11;1048:1;1714:1;944:1;1715:1;174:1;1716:1;1725:1;954:2;1717:1;1718:1;214:2;1719:1;883:1;851:1;834:1;1720:2;181:1;1209:1;1723:1;1466:1;1721:1;837:2;1726:1;1722:1;1724:1;131:2;1626:1;13:31;784:2;1360:1
qj4dh6rg,1794:1;1089:1;599:1;1793:1;1792:1;781:1;1791:1;1790:1;1445:1;1105:1;970:1;100:2;1759:2;63:1;981:1;1757:1;1085:1;1756:1;204:1;1770:2;485:3;271:6;779:1;5:2;513:2;1783:1;1760:1;109:1;207:1;1096:2;58:1;47:3;1758:1;1754:1;55:3;350:1;114:4;480:1;1765:1;1753:1;206:2;79:5;968:2;56:5;691:1;38:1;787:1;791:1;20:9;1052:1;163:1;306:2;49:1;1195:2;938:1;603:1;349:1;1134:1;1769:1;13:14;1755:1;470:1;1312:1;27:7;714:1;971:3;1098:2;264:3;246:7;1788:1;205:1;972:2;331:2;845:1;74:8;836:1;806:1;612:1;98:1;1540:1;1761:1;81:4;233:4;1775:1;1762:4;1249:1;1763:1;1507:1;1764:1;113:1;520:1;294:2;412:1;1183:1;224:7;1766:1;442:3;699:2;1080:1;1177:1;1100:1;1767:1;482:4;229:1;1771:2;1047:1;19:4;230:1;1772:3;1516:1;231:2;1773:3;1147:1;1011:1;1782:1;232:5;1774:1;234:1;1776:1;235:4;1777:1;1789:1;761:1;236:2;1521:2;1778:1;1779:1;1609:1;268:1;1780:1;1677:1;559:1;1711:1;683:1;1768:1;226:1;1781:1;1784:2;1785:2;451:2;1786:1;1787:1
1wswi7us,1848:1;1139:1;1847:1;1405:1;1744:1;954:1;1845:1;1844:1;1843:1;834:1;1842:1;1841:1;734:1;1840:1;1839:1;1838:1;586:1;1512:1;998:2;1803:2;1174:1;1809:1;81:2;1802:2;1212:1;1466:1;1796:1;177:1;1828:1;240:1;1798:1;206:1;984:2;349:1;571:2;241:6;114:1;1163:1;392:5;1801:4;773:1;1045:1;1816:1;121:1;239:1;1391:1;620:2;1820:2;993:1;243:1;100:2;989:1;249:1;140:2;74:7;1846:1;304:1;47:4;1825:1;224:4;82:5;1096:2;207:1;1731:1;1155:2;238:5;242:1;1717:1;233:3;1797:1;204:1;1015:3;244:7;1597:1;854:1;205:1;245:2;1799:1;1164:1;442:3;1800:1;1795:1;1807:2;779:1;14:3;1813:1;271:5;1806:1;311:2;1835:1;1808:1;268:1;1810:1;783:1;1811:1;1226:1;13:24;1812:1;1660:1;1833:1;1814:1;163:1;787:3;1815:1;1666:4;904:2;938:2;1827:1;1363:1;1817:2;1818:1;20:8;1305:1;1819:1;1767:1;1253:2;321:3;937:1;1312:1;27:12;1826:1;79:1;850:2;1404:1;1821:1;350:1;1822:1;1823:1;113:4;627:1;1824:2;56:4;1834:1;1033:1;1804:1;5:1;1237:1;131:1;1829:1;1805:1;6:1;250:1;545:1;1830:1;289:1;1831:1;1832:1;1579:1;1836:1;38:1;1837:2
yy96yeu9,1886:1;236:1;1885:1;1884:1;110:1;1085:1;271:1;1882:1;1373:1;1881:1;49:1;938:1;1880:1;1005:1;1879:1;1873:1;1872:1;1870:1;1869:1;1021:2;5:2;1868:1;643:1;1867:2;1280:1;1621:1;1875:1;224:2;11:1;47:3;1874:1;350:2;1883:1;1248:1;1756:1;1865:1;677:1;1034:2;1864:1;492:1;85:1;1863:1;954:1;246:7;1871:1;1363:1;1137:1;248:2;442:1;207:1;1858:4;830:1;783:1;529:1;56:5;527:2;1851:1;1850:1;1435:1;38:1;451:2;247:2;989:1;1878:1;1624:1;100:3;13:8;1382:1;1854:1;251:1;1852:1;74:7;1849:1;27:11;205:1;1856:1;250:3;14:4;1853:1;1866:1;850:1;204:1;585:1;1855:1;181:4;1324:1;766:1;1265:1;249:1;1011:1;206:1;79:2;1857:1;528:2;20:9;1798:1;1327:2;311:1;81:4;1859:1;1876:1;98:3;567:2;163:2;290:1;1052:1;1015:1;761:5;226:1;1877:1;1115:1;1168:1;787:3;1803:1;1862:1;1860:1;418:1;114:1;241:2;1734:2;1861:1
5o38ihe0,1794:1;1629:1;938:1;1196:1;1467:1;1561:1;1741:1;226:1;1938:1;1937:1;797:2;1936:1;81:2;1935:1;1934:1;1272:1;1105:1;334:1;1933:1;1904:1;761:3;253:2;1910:1;1923:1;1900:1;1011:1;972:3;851:4;836:1;74:1;1898:1;1896:1;462:1;49:1;479:1;1895:1;1894:1;1903:1;56:7;203:2;1203:1;822:1;571:2;1085:2;1899:1;1010:1;70:1;451:3;1373:1;1116:1;859:1;1887:1;223:4;492:3;1889:2;20:9;640:1;1925:1;254:2;1905:1;850:2;1901:5;13:12;1918:1;1939:1;140:1;1888:2;989:2;1897:1;1890:2;1893:1;1636:1;1435:2;38:1;255:7;1906:1;1902:1;27:19;1312:1;699:3;442:4;1892:1;1572:1;1891:1;47:10;996:1;1546:1;1927:1;1248:1;779:1;1922:1;271:1;114:1;1913:1;1907:1;161:2;1177:1;1469:1;1430:1;1908:1;1920:1;892:1;904:1;1932:1;1418:1;1909:1;1911:1;627:1;113:2;1912:1;728:2;471:1;1620:1;849:1;1914:1;321:1;303:1;1845:1;630:2;1915:1;1402:1;1916:1;1917:1;1034:3;520:1;1926:1;1155:1;63:1;834:1;1091:1;1862:1;1919:1;799:1;1921:1;787:2;1930:1;311:1;1924:1;671:2;1560:1;1321:2;599:1;981:1;481:2;995:1;643:2;1928:1;1415:1;1158:1;1929:1;1931:1
1ul8owic,1988:1;1624:1;1987:1;1986:1;1985:1;1984:1;1983:1;1982:1;1981:1;1980:1;849:1;1941:1;1954:3;1319:2;1952:1;47:4;787:2;1951:1;1570:2;1953:1;841:1;206:1;1950:1;140:6;13:11;267:7;837:3;1931:2;1949:2;393:2;266:2;871:1;100:3;149:2;1948:1;1947:4;226:1;113:7;1256:2;367:1;992:1;766:1;1946:1;1945:1;262:6;801:1;56:9;1961:1;773:3;259:9;767:1;1943:1;1580:2;38:1;114:2;261:6;388:2;205:1;264:1;260:9;207:1;842:1;1165:1;268:2;263:1;1312:1;27:10;1944:1;916:1;1225:2;1757:1;1940:1;797:1;349:4;1942:1;224:14;1581:1;163:8;1962:1;311:2;1262:1;875:2;1389:1;1955:1;1956:1;1321:1;1957:1;851:1;337:2;204:1;1489:1;1362:2;191:1;1334:2;192:1;1970:2;1958:1;1959:1;74:6;836:1;1979:1;1969:4;1712:1;1966:2;971:2;200:3;835:1;1978:1;231:2;1960:1;1579:1;223:1;746:1;365:1;1963:2;1964:4;821:1;1965:1;265:1;1293:1;1807:1;779:2;271:2;1554:5;1967:2;846:2;1968:1;1269:2;372:3;1971:2;1972:2;1973:1;1974:1;451:1;1975:1;1976:1;834:1;1977:1;20:2;847:1
5s6acr7m,8:1;224:1;33:1;1991:1;38:1;272:1;621:1;273:1;1989:1;14:1;13:3;274:1;27:2;47:1;1990:1;271:1;1571:1;1705:1;1992:1;20:1
5tkvsudh,2015:1;2014:1;822:1;972:1;821:1;442:1;761:1;493:1;1143:1;2013:1;264:1;321:1;303:1;2012:1;2011:1;2010:1;699:1;81:2;1011:1;1997:1;1010:2;774:1;1996:2;1222:1;278:2;1141:1;1995:1;851:1;1994:1;47:3;38:1;175:1;2004:1;27:5;1038:2;276:2;20:4;1036:1;1993:1;13:11;277:2;1103:1;101:1;2006:1;1998:4;944:1;55:1;1240:1;859:1;2002:2;171:2;2000:1;279:4;163:2;788:1;280:2;74:2;836:1;577:2;69:1;1999:1;2001:1;1529:1;451:1;70:2;129:1;2003:2;56:3;627:1;180:2;231:1;2009:2;100:1;2005:1;680:1;102:4;2007:1;2008:1;271:1;1033:1;904:1;1438:1
6lvn10f4,848:1;1567:1;1244:1;835:1;81:1;995:1;100:1;294:1;1507:1;680:3;2041:1;2040:1;2039:1;1238:1;55:3;2038:1;2037:1;69:1;2035:2;74:3;836:1;822:1;2020:2;13:18;1511:1;114:1;2019:1;1075:2;278:1;1222:1;113:1;2018:1;47:8;277:1;2017:1;70:1;284:2;89:4;1092:3;2021:1;1608:1;20:16;2026:1;285:1;82:7;282:2;790:1;2029:1;56:5;27:10;2033:1;2016:9;2042:1;10:1;2036:1;893:1;286:2;14:3;268:1;442:2;1091:1;904:2;2025:1;1162:1;654:3;734:1;99:1;571:1;2023:1;246:4;2024:1;1011:1;122:2;2027:4;2028:1;2022:1;117:1;2030:1;283:3;791:1;38:1;1689:1;271:3;652:2;2031:1;2032:1;1018:1;383:2;2034:1
tvxpckxo,1070:1;2061:1;995:1;2060:1;130:1;567:1;2058:1;114:1;1110:1;835:1;306:2;6:1;63:1;2056:1;98:1;981:1;1556:1;49:1;806:1;865:1;2055:1;214:1;2043:1;2057:1;1803:2;599:1;1107:1;2051:1;1734:1;1321:1;462:1;81:1;79:1;492:1;2021:1;74:3;163:1;290:1;113:2;293:3;264:3;38:1;292:7;56:2;842:1;1011:2;249:1;442:1;2059:1;27:3;2046:1;291:3;418:1;2047:1;2048:1;2050:1;174:1;47:1;2053:2;289:1;416:1;2045:1;13:8;1537:1;451:1;70:1;1105:1;851:1;20:5;2052:1;2044:1;774:1;117:7;1895:1;2049:1;271:2;2054:1;321:1;294:6;1564:1
mcuixluu,277:1;2092:1;2091:1;130:1;1624:1;1549:1;513:1;2090:1;1107:1;2089:1;2004:1;2087:1;2086:1;2085:1;904:1;74:1;2084:1;246:3;1884:1;2083:1;602:1;1098:1;1105:1;851:1;615:1;1252:2;204:1;1093:1;20:3;2063:1;2082:1;1574:1;2062:2;2088:1;56:7;2064:1;63:2;2069:1;33:1;2065:1;930:1;2073:1;14:5;781:1;779:1;271:2;416:1;2067:1;2008:1;2068:1;1381:1;378:1;76:4;2070:2;38:1;451:1;13:9;300:4;2078:1;85:2;321:2;662:1;27:11;2079:1;47:6;301:3;2071:3;848:1;81:2;2066:1;923:1;542:1;1132:1;1138:1;630:1;1011:3;1519:2;294:3;2072:1;867:1;296:5;2074:1;297:1;2075:1;299:1;2077:1;2022:1;2081:1;298:7;2076:1;806:1;2080:1;937:1;1256:1;113:2;761:2
6iu1dtyl,215:1;306:1;307:1;216:1;8:1;305:1;304:1;27:2;56:1;303:1;13:2;38:1
ri5v6u4x,10:1;2183:1;2182:1;2181:1;140:1;2180:1;239:1;2179:1;904:1;1930:1;2178:1;2177:1;891:1;2176:1;2174:1;498:1;1686:1;2173:1;2172:1;442:1;1250:1;2171:1;2170:1;214:1;471:1;494:1;2168:1;2167:1;2166:1;783:1;2164:1;418:1;2163:1;1681:1;2162:1;2161:2;1014:1;11:1;995:1;224:1;2160:1;2159:1;2158:1;2157:1;132:1;972:1;2113:1;2114:1;971:2;163:2;2107:1;2117:1;216:7;2121:1;2047:1;2106:3;217:2;66:1;2122:1;3:1;1231:1;2120:1;215:1;2105:2;798:1;27:3;1074:1;2102:1;1736:1;451:3;2109:1;310:2;1840:1;41:2;2097:2;1208:1;2096:3;2111:1;826:1;2104:1;13:17;226:1;1511:1;2146:1;2101:1;2108:1;1080:1;309:2;2095:3;2115:1;316:1;1672:1;148:1;20:4;274:1;2110:1;311:2;797:1;2082:1;422:3;1964:1;2098:2;56:24;2112:1;2099:1;1843:1;2100:1;37:1;2093:10;2139:1;2094:1;38:1;47:12;2103:1;2116:1;1945:1;1431:1;2125:1;683:2;2118:1;213:2;1862:1;2119:1;2123:2;290:1;33:1;1671:1;129:2;2124:1;2126:1;1251:2;994:1;338:1;81:4;1109:1;2137:1;2127:1;532:1;2128:1;1697:1;1253:1;2142:1;2129:1;74:7;2130:1;1360:1;2131:1;2132:1;334:2;2133:1;1363:1;2134:1;2135:1;80:1;851:1;2136:1;2138:1;536:1;2140:1;2141:1;2143:1;938:2;2144:1;2175:1;1404:1;1007:1;2150:2;2165:1;880:1;1631:1;2145:1;2169:1;113:1;2147:1;2148:1;2149:3;761:2;2151:1;2152:1;1125:1;2153:1;612:1;2154:1;2155:1;1033:1;766:1;100:1;2156:1
kuybfc1y,755:1;2204:1;2203:1;1672:1;2201:1;216:1;2200:1;1293:1;2205:1;1570:1;2199:1;2198:1;215:2;2187:1;2098:2;2185:1;1536:1;74:3;47:3;859:1;224:4;207:2;318:2;995:1;2184:1;1671:1;20:1;311:1;1070:1;316:3;114:1;2186:1;27:7;204:2;63:1;317:4;205:2;314:1;2111:1;206:2;315:1;442:1;140:2;13:6;2196:1;268:1;56:6;2202:1;424:2;2194:1;10:1;2193:1;1666:1;777:1;1632:1;1098:2;2191:2;921:1;761:1;1700:1;938:1;2150:1;2188:1;1657:1;1033:1;271:1;1215:1;2189:1;2190:1;33:2;2192:1;163:1;2195:1;349:1;2119:1;38:1;2197:1
ng4rrdte,1254:1;1628:1;1389:1;1265:1;1011:1;1023:1;2232:1;271:2;786:1;2231:1;761:1;2223:1;11:1;1631:1;1131:1;33:1;1272:1;63:1;2222:1;391:1;992:2;2234:1;329:1;837:1;2210:2;2236:1;204:1;2227:1;1211:1;322:1;2233:1;74:4;114:1;1803:1;25:1;2225:1;320:3;2209:1;2226:1;321:1;2229:1;451:1;324:2;2238:1;206:1;2212:1;44:1;2224:1;319:1;2207:1;142:3;38:1;1290:2;20:5;274:1;1840:1;2221:2;125:2;47:5;2206:1;2237:1;205:1;2228:1;323:1;2211:1;2239:1;1096:2;207:1;2213:1;851:3;216:2;140:1;13:8;131:1;1565:2;2214:2;27:7;916:2;1746:1;2218:1;2235:1;1727:1;2230:1;960:3;1896:1;372:1;386:1;56:3;2215:1;6:1;387:1;2216:1;2217:1;81:1;2208:1;1446:1;938:1;224:3;1367:1;949:1;2219:1;2220:1;3:1
1769ovyk,2241:1;2242:1;1943:1;139:1;2240:1;329:1;328:2;327:1;144:1;326:1;142:1;38:1
tixxm78q,56:1;336:1;335:1;13:1;191:1;334:1;333:1;332:1;331:1;337:1;38:1
t35n7bk9,239:1;1862:1;1786:1;2277:1;992:1;2059:1;2276:1;995:1;114:1;1165:1;2275:1;1445:1;2274:1;2273:1;113:1;766:1;1020:1;155:3;1852:1;2:1;383:1;2251:1;2249:1;378:1;1369:1;2258:1;226:3;2272:1;216:1;851:1;2248:1;2269:1;470:1;916:2;311:1;1073:1;1019:1;2162:1;70:2;324:1;1736:1;2250:2;451:3;960:2;2245:1;33:1;339:1;2244:1;1631:1;2271:1;215:1;2247:1;38:1;609:1;1894:1;580:1;72:1;1033:1;144:1;1858:2;842:1;334:1;1324:3;321:2;1125:1;2268:1;1556:1;271:2;14:4;2246:1;2270:1;214:1;148:1;1557:1;529:1;81:2;338:4;958:1;1215:1;2243:1;161:3;372:1;1657:1;755:1;241:4;2252:1;1363:1;954:1;56:10;827:1;246:5;1516:1;993:1;2263:1;739:1;1296:1;13:9;527:1;240:1;367:1;25:1;1567:1;1848:1;49:2;2266:1;1238:1;2254:1;32:5;289:1;797:1;2253:1;163:2;27:9;798:1;865:2;2262:1;1562:1;20:6;2179:1;970:1;456:1;2255:1;1538:1;767:1;2256:1;817:1;1045:1;2257:1;69:2;1328:1;683:2;2259:1;975:1;2260:1;74:4;331:1;1093:1;47:7;2261:2;1021:3;250:2;1139:1;1155:1;2264:1;1001:1;2265:1;1018:1;761:2;1057:2;1047:1;2267:1;699:1;442:2
pwsvhitd,425:1;1840:1;307:1;839:1;2021:1;1609:1;2295:1;113:2;2293:1;334:1;6:1;2292:1;787:1;779:1;155:1;971:1;82:1;2282:1;99:2;1036:1;2279:1;451:1;38:1;2280:2;246:1;2278:1;2284:1;1312:1;268:1;1157:1;14:2;1107:1;345:1;148:1;865:1;249:1;2281:1;343:3;76:1;47:5;342:5;1121:6;19:2;344:3;767:1;2291:1;1357:2;341:6;2288:1;2289:2;1908:1;81:4;154:1;916:1;27:10;114:2;1363:1;773:1;74:2;537:1;1045:1;664:1;2286:1;56:4;239:1;2287:1;1343:1;163:1;2283:1;378:1;2285:1;761:3;2294:1;643:2;1677:1;619:2;442:2;13:9;1664:2;2290:1;766:1;1274:2;539:1
wt8zfqk0,958:1;1245:1;2338:1;2337:1;2096:1;1110:1;2336:1;842:1;532:1;2331:1;1391:1;1735:1;1930:4;2310:1;348:1;334:3;1604:6;2124:1;1096:1;230:1;140:2;311:2;1073:2;2308:1;2307:1;506:1;249:1;2305:1;2332:1;19:1;2304:1;2302:6;2301:7;904:2;1719:1;177:1;971:3;916:4;2313:1;1250:1;107:1;831:1;69:1;2306:1;791:1;2333:1;20:3;1869:1;599:2;224:5;94:1;865:1;351:4;2309:7;1138:1;1469:2;1011:1;2296:1;2311:1;1026:1;349:1;2322:1;1569:1;27:15;1312:1;786:1;2328:2;233:4;1757:1;2298:1;1970:2;56:14;827:1;1107:1;79:1;836:1;350:4;2297:1;392:3;451:5;805:13;787:1;2329:1;38:1;268:1;1810:1;2324:1;1689:1;972:3;74:8;845:1;2312:1;799:1;2323:2;1174:3;2317:1;2314:1;2335:1;536:2;442:3;699:1;2315:1;774:3;2316:1;1820:1;2334:1;21:1;792:1;938:1;1606:1;321:4;448:2;113:7;324:1;1609:1;838:1;81:9;5:1;2318:1;2220:1;1963:1;960:1;851:2;1879:2;1034:2;2319:1;290:1;33:1;2320:1;239:1;779:2;2321:2;1572:1;1862:2;2325:1;13:21;2326:1;2299:4;1785:1;2339:1;2082:1;797:1;1311:1;2327:1;47:2;2303:1;761:1;2300:2;1272:1;383:1;967:2;100:1;378:1;121:1;2330:1;1597:1
5gsbtfag,2381:1;1231:1;529:1;1698:1;2200:1;1188:1;875:2;842:1;2380:1;324:1;1609:1;2375:1;2374:1;2373:1;2372:1;734:1;122:1;2344:1;2371:1;58:1;1098:1;2368:1;2343:1;404:1;1689:2;2378:1;836:1;74:7;354:5;2342:1;779:1;960:1;1717:1;2352:1;1700:1;430:1;81:3;2367:1;1674:1;239:2;100:6;1128:1;357:4;865:1;2257:1;352:2;859:3;992:1;478:1;108:5;353:8;226:3;5:6;355:2;271:4;14:3;395:1;797:1;207:1;2366:1;356:1;289:2;2345:1;2357:1;44:1;916:1;1629:1;2143:1;131:1;1909:1;13:11;140:1;1312:1;27:9;798:1;2340:1;791:2;20:6;1798:1;2377:1;835:2;321:2;2353:1;793:1;215:1;1757:1;224:4;995:2;2341:1;542:1;11:1;773:3;204:1;2363:2;205:1;1221:1;2364:1;442:4;2347:1;977:1;206:1;850:2;1107:1;79:1;2365:1;246:1;113:1;627:1;1161:2;1548:2;1256:1;33:1;2346:1;683:1;249:3;1011:2;766:1;1794:2;2348:1;2349:1;1883:1;471:1;1756:1;1627:1;85:1;76:1;49:1;2362:1;294:4;2350:1;761:1;38:1;2351:1;2139:1;2361:2;107:2;1649:1;2379:1;837:1;1865:1;1840:1;2354:2;774:2;2360:1;47:5;2355:1;2356:1;451:3;787:1;2358:1;2359:1;241:1;2376:1;1862:1;2370:1;1778:1;56:8;2369:1
fpj5urao,1970:1;2354:1;176:1;131:1;822:1;2015:1;783:1;998:1;2419:3;2418:2;121:1;239:2;1209:1;1822:1;793:2;2416:4;2415:3;303:2;817:1;788:2;916:1;2414:1;1402:1;249:3;2413:1;100:1;2420:1;1906:1;2008:1;2389:1;992:3;1481:2;321:1;56:10;1757:1;233:6;2391:1;1034:4;571:2;1321:1;2349:1;2384:1;774:2;266:1;2385:2;226:4;2383:1;224:12;2386:1;2129:1;5:2;307:1;2212:1;2422:1;366:6;1001:1;787:4;796:2;25:1;47:11;13:31;2423:1;367:4;113:4;2417:1;2160:1;875:1;2399:1;222:3;1689:1;1580:2;38:1;2382:2;795:1;33:1;2388:1;972:2;205:1;713:1;1736:1;451:5;1073:3;1200:1;306:2;2421:1;365:2;2397:1;746:1;11:2;773:5;392:2;1316:1;74:12;2387:1;1312:2;27:12;204:3;206:1;2392:1;79:1;334:1;1362:1;2390:1;207:1;401:1;2179:1;1026:1;960:1;2245:1;418:1;1690:1;14:2;271:3;779:1;883:1;1122:1;2407:1;756:2;851:2;2393:1;996:3;241:2;1012:1;2409:1;595:2;1880:1;2394:1;81:2;82:2;2395:1;2396:1;694:1;1202:1;10:1;1038:1;471:1;214:3;442:2;761:1;2400:2;2412:1;1384:1;1168:1;397:1;2401:1;1025:1;1631:1;2402:1;20:5;791:1;604:1;2403:1;2404:1;2405:1;1009:1;350:2;2406:1;1609:1;2380:1;2398:1;85:2;2408:1;1719:1;177:1;2410:1;1584:1;412:2;799:1;28:2;98:1;1383:1;2411:1
wutnzzhg,1869:1;2444:1;1636:1;329:1;2441:1;2266:1;699:1;1431:1;2391:1;2443:1;1935:1;131:3;1458:1;442:3;2442:1;791:1;1272:1;2437:1;214:1;543:1;797:1;2216:1;993:1;2251:1;2436:1;938:1;1700:3;424:2;2108:1;76:2;971:1;206:1;205:1;204:1;224:1;125:1;66:1;2439:1;788:1;375:2;47:4;1404:1;2425:1;2424:1;378:1;319:1;321:3;1265:1;376:2;2113:1;81:1;2115:1;114:1;1884:1;374:3;113:4;369:1;133:1;2434:1;74:4;377:1;1308:1;165:1;38:1;451:2;372:2;1513:1;370:1;2435:1;371:1;44:1;588:1;1096:1;207:1;334:1;1632:1;865:1;373:2;2057:1;2438:1;25:1;141:2;2427:1;56:3;142:3;2428:1;2440:1;27:3;2429:1;2426:1;140:2;13:3;2432:1;264:1;2431:1;2158:1;761:2;2231:2;2382:1;604:1;20:3;2433:1;2430:3;271:2;1570:1
eiqypt0m,76:1;2475:1;470:1;2248:1;2273:1;2005:1;2473:1;1466:1;2472:1;1623:1;2471:1;1609:1;334:1;1096:1;231:1;2467:1;271:1;779:1;2466:1;787:1;2465:2;386:4;206:1;383:2;2474:1;442:1;2448:1;389:3;2454:1;81:2;20:3;387:4;2452:1;2446:3;33:1;32:1;2445:1;2451:1;38:1;2457:1;382:2;2447:1;268:1;14:3;1707:1;2469:1;56:6;372:4;1896:1;261:1;388:1;2453:1;381:2;127:3;113:2;2468:2;55:1;384:2;856:1;2450:1;1297:1;27:10;916:2;13:11;385:3;766:1;2456:1;2470:1;57:2;1874:1;798:1;2449:1;163:1;1067:1;2464:1;369:2;804:1;2455:1;1481:1;2458:1;47:8;2460:2;2459:1;808:1;1953:1;2461:1;2462:1;304:1;2463:1
lwla5ugt,1637:1;2100:1;2515:1;1594:1;140:1;2456:1;2511:2;249:1;318:1;1960:1;2380:1;1515:1;865:1;2510:1;995:1;1761:1;1331:1;2508:1;1664:1;451:1;2507:1;2505:1;81:2;389:1;47:3;2483:1;2477:1;2096:3;1668:1;640:1;1402:1;834:1;577:2;69:2;2366:2;1096:2;2493:1;1822:1;13:8;394:1;599:2;398:1;779:1;2481:1;830:1;2504:1;448:1;290:1;33:2;2298:2;393:3;641:1;1530:1;1538:1;395:2;271:2;14:3;2506:1;1221:1;2491:1;2512:1;713:1;2509:1;2252:1;967:1;2478:1;391:10;916:2;2513:1;971:2;2114:2;2495:2;798:1;27:7;1312:1;2479:1;423:1;114:1;1765:1;350:3;392:3;2213:1;2494:1;181:1;349:1;74:7;1873:1;1746:2;113:4;494:1;163:1;2476:1;2503:1;471:1;1756:1;2423:1;1909:6;131:1;4:2;20:2;791:3;226:2;2308:1;1073:2;2090:1;805:1;1174:2;1872:1;348:1;1110:1;699:1;2498:1;442:2;2484:1;2485:1;2486:1;835:1;2496:2;38:1;1323:1;797:1;2339:4;1717:1;2488:1;1718:1;2489:1;177:1;2490:1;56:8;2409:1;2492:1;231:1;100:5;2156:1;2482:1;683:2;2497:1;246:2;1017:1;1144:1;2514:1;972:1;1229:2;2499:1;2487:1;1202:1;2269:1;1554:2;2480:4;938:1;536:1;1272:1;2500:1;1654:1;2244:1;2501:1;2516:1;1231:1;2502:1
8zwsi4nk,1165:1;1861:1;114:1;2558:1;2557:1;1810:1;1391:1;2555:1;2552:1;2551:1;2179:1;834:1;2550:1;1822:1;2336:1;2549:1;786:1;2548:1;835:1;2547:1;2455:1;1649:1;883:2;2522:1;1389:1;2532:1;2546:1;74:7;1122:1;81:3;843:1;366:2;2525:1;842:1;2520:1;207:1;851:1;82:2;971:1;83:1;767:1;5:7;232:1;2545:1;177:1;47:1;304:1;774:1;2519:1;206:2;398:7;1096:1;839:1;1138:1;367:7;2526:1;2145:1;113:4;13:34;2523:1;791:2;20:9;788:6;274:1;2521:1;140:3;397:3;1:1;2541:1;181:2;1556:1;271:2;528:1;14:2;1312:1;27:19;916:1;1407:1;391:2;56:11;827:1;204:1;2517:1;451:3;2351:1;38:1;1690:1;100:2;2211:1;2518:1;205:1;1741:1;2554:1;241:1;1012:1;2397:1;2524:1;779:3;8:1;33:1;2534:1;992:3;766:1;2544:1;4:2;2553:1;1011:5;222:2;2535:1;2536:1;223:1;350:1;612:1;2411:2;2538:1;2527:1;1756:1;214:4;2014:5;2528:1;1131:1;2015:5;2529:1;972:1;2257:1;1245:4;2530:2;2531:1;2533:2;684:2;683:1;995:1;224:10;2537:1;289:3;677:1;163:2;2311:1;787:1;6:1;1034:1;2556:1;1014:1;1785:1;226:4;2539:1;2540:1;2542:1;2415:2;311:2;2543:2;58:2;442:4;185:2;678:1;2320:1
t20z4mtt,2598:1;1199:1;374:1;2596:1;734:1;1231:1;1093:1;683:1;2595:1;1422:1;2565:1;406:4;1363:1;401:1;761:1;2560:1;2566:1;664:1;407:2;2594:1;69:3;1516:1;408:5;2567:2;680:4;2585:1;2564:1;130:1;1929:2;405:2;1421:1;567:1;2563:1;404:3;2576:1;74:7;1471:3;827:1;56:6;226:1;403:7;2562:1;76:8;47:9;2587:2;916:3;402:12;2561:1;38:1;779:3;2578:1;1012:1;241:1;378:1;246:1;2559:1;2597:1;27:8;1312:1;2089:1;290:2;804:1;2582:1;1519:1;321:1;58:2;412:3;2571:1;1623:1;81:5;699:1;2568:1;513:1;2569:1;2570:1;1038:1;781:1;2580:1;100:2;383:1;1928:2;129:1;2017:1;1001:1;239:1;2572:2;1033:1;2575:1;2573:1;1803:1;2574:1;1082:1;615:1;2091:1;806:4;44:1;271:3;14:6;1813:2;2584:1;113:4;1105:1;55:1;1549:2;2577:4;489:1;977:1;2374:1;735:1;992:1;599:1;1627:1;2579:1;70:3;2581:1;1840:1;41:1;930:1;2423:1;13:12;2583:1;968:1;1107:1;79:1;787:2;2586:1;842:1;2588:1;1818:1;2589:1;938:1;984:1;20:6;1048:1;2590:1;72:2;577:3;834:1;2591:1;2592:1;2593:1;181:1;952:1;482:1;739:1;2422:1
0gmtnkbh,2641:1;246:1;2302:1;1896:1;1437:1;1471:1;944:1;2637:1;1609:1;2635:1;630:1;1946:1;640:1;264:1;1116:2;2198:1;2632:2;2631:1;378:1;121:3;2630:1;2629:1;1402:1;783:2;2628:1;992:2;266:2;2627:1;2547:1;748:1;1045:2;1399:1;786:1;1407:1;2625:1;271:5;2624:1;425:1;1025:1;768:2;2623:1;249:2;2414:1;615:1;2622:1;2638:1;1096:2;916:1;678:2;2416:5;392:1;241:1;1624:1;1367:2;82:1;239:1;2421:1;937:3;806:1;2605:5;131:2;645:1;1026:1;804:1;33:1;2603:18;2602:1;627:1;113:3;1398:1;766:1;1011:3;1265:1;2408:1;1114:1;845:1;74:9;2614:1;413:3;1018:1;761:1;2600:1;412:6;161:10;2601:1;2498:1;442:6;411:2;426:1;13:33;394:1;2537:1;1252:1;224:10;971:1;2256:1;1872:1;2129:1;1787:1;646:3;773:2;2289:1;233:6;1379:1;865:1;2407:1;1122:1;2626:1;56:16;410:2;207:1;291:5;2604:1;805:6;2240:2;2621:1;163:5;471:1;1756:1;222:3;349:2;1238:2;2397:2;2418:2;619:3;204:1;304:1;47:21;2617:1;1474:1;28:5;205:1;2618:1;2519:3;206:1;79:2;306:1;2619:1;1666:1;27:15;1312:1;604:2;480:1;223:1;350:3;414:2;293:1;2606:1;181:1;1209:1;2640:1;1869:3;938:3;294:2;2607:1;1879:2;2411:1;355:1;586:2;1357:2;1580:1;38:1;2608:1;416:2;1067:1;2609:1;2610:1;451:4;20:3;401:6;1166:1;366:5;1001:1;2611:1;2620:2;1849:1;2612:1;2636:1;580:1;2639:1;326:1;1909:1;367:3;621:2;1391:1;2419:1;1403:1;2415:1;787:3;397:1;1168:1;2613:1;2634:1;321:3;835:2;1363:1;745:1;231:1;739:1;779:2;5:2;1033:1;1802:2;774:1;372:1;303:1;2616:1;1361:1;76:1;1113:1;85:1;577:2;2633:2;1862:2;2615:1;1073:1;2599:1;1057:1;100:1;81:1;1623:2
rrhh2alf,662:1;1138:1;2672:1;181:1;1010:1;999:1;1734:1;581:1;1609:1;49:2;26:1;25:1;2671:1;510:1;6:1;2669:1;1315:1;451:2;1736:1;2668:2;355:1;1045:1;761:2;2666:1;878:1;2656:2;2648:1;20:5;826:1;944:1;2251:1;233:8;993:1;268:1;2658:1;960:1;58:3;226:1;2645:2;417:2;163:1;1717:1;419:1;38:1;13:11;72:2;2642:1;223:2;766:1;1284:1;513:1;5:2;1792:1;1021:2;2322:1;1551:1;2646:1;76:1;2235:1;2447:1;2644:1;74:1;205:1;416:2;2670:1;100:3;357:2;47:6;174:2;224:11;161:3;418:1;27:9;1312:1;204:1;56:9;442:1;1585:1;2262:1;206:2;207:1;842:1;2643:1;587:1;73:3;1011:2;2650:1;576:1;1623:1;81:2;2651:2;1110:1;2652:3;2649:1;1107:1;2653:1;127:1;2667:1;2654:2;1544:2;773:2;1884:1;2655:1;1274:3;246:3;2024:2;113:2;627:2;2659:1;140:1;654:3;787:3;1212:1;69:1;213:1;1483:1;214:1;70:1;1574:1;2662:1;349:1;1556:1;271:3;372:1;2428:1;861:1;2660:1;1321:1;2661:1;2647:1;1105:1;536:1;1821:1;779:1;1550:1;580:1;837:1;1967:1;350:1;2663:1;865:1;1636:1;2664:1;412:1;609:1;2665:1;404:2;547:1;48:1;2657:1;601:1
sgmk96vr,846:1;2713:1;954:1;2712:1;1769:1;2711:1;1334:1;1373:3;1862:1;81:1;2125:1;2709:1;455:1;47:7;2681:2;797:1;2702:2;2685:1;1269:1;2679:1;2684:1;271:4;779:1;2678:1;766:1;2676:1;1025:1;2674:1;261:1;6:1;56:8;2694:1;916:1;13:3;2710:1;140:1;2423:1;2680:9;426:3;619:1;2675:2;2687:1;813:1;425:3;860:1;423:8;27:14;1312:1;2478:1;422:1;2708:1;214:1;442:5;1331:1;1011:2;223:1;480:1;226:6;678:1;2220:1;421:2;2707:1;2705:1;311:1;429:2;1953:1;430:3;424:1;938:1;2677:1;427:8;1636:1;94:1;532:1;2691:1;1580:4;38:1;1323:1;851:1;1886:1;456:1;831:1;215:2;630:1;2686:2;217:3;2682:1;883:1;369:1;1001:1;1258:1;2688:1;783:2;671:2;2703:1;2490:1;73:2;1615:1;856:1;599:1;1431:1;131:1;2701:1;2683:2;113:1;2432:1;2689:3;2690:1;2252:2;2692:1;2693:3;2695:1;74:7;845:1;640:2;2696:1;20:3;791:1;2256:1;2697:1;2218:1;821:1;2673:1;2416:2;2698:2;2699:1;2403:1;33:1;2700:1;2538:1;100:4;451:2;1736:1;1609:1;321:4;1863:1;2522:1;2508:1;2704:1;428:15;2484:1;2706:1
di0fcy0j,746:1;2739:1;543:1;452:1;2091:1;2724:1;438:2;57:1;2722:1;436:5;1579:3;306:1;563:1;13:9;47:5;2714:2;2721:1;435:1;773:2;2720:1;434:2;2723:1;437:1;2719:2;433:2;2718:1;902:1;131:1;1769:1;74:8;1471:2;1484:1;271:2;779:1;995:1;100:1;71:2;2738:1;1340:2;70:6;2737:1;1045:1;1417:1;791:1;20:8;48:1;1661:1;1806:1;264:1;783:1;2715:2;916:1;581:1;2717:2;404:2;38:1;249:2;1901:2;250:5;72:8;834:1;1488:3;599:1;27:9;1312:1;442:2;2728:4;993:1;1475:1;858:1;391:2;905:1;56:7;1598:1;2626:1;2740:1;684:1;2726:3;2213:1;2727:1;114:1;628:4;2725:1;412:4;1428:3;2716:6;1174:1;349:5;984:1;1495:1;1238:1;787:4;1168:1;2145:3;627:2;113:1;367:1;121:3;877:3;2729:2;2730:2;161:1;2731:1;953:1;1893:1;1636:4;2609:1;680:1;2736:1;69:1;2732:1;1962:1;163:1;2733:1;2734:1;1319:2;291:1;2564:1;1421:2;2656:1;801:1;2735:1;766:1;509:2;846:2;904:1;1158:1;33:1;1879:1;1367:2;1272:1;1006:1;81:1;1623:1;638:1;6:1
1ke7i2wr,1042:1;452:1;2750:1;130:1;241:1;2749:1;56:1;950:1;2752:1;38:1;20:2;2746:1;2751:1;214:1;318:1;695:1;181:1;114:1;172:1;81:1;140:2;2748:1;1155:1;27:1;2741:1;441:4;2742:1;74:2;161:1;442:2;2743:1;443:1;2744:1;842:1;13:4;721:1;444:4;2745:1;3:1;1567:1;2747:1
v95fzp8n,505:1;2790:1;1722:1;226:1;2206:1;2789:1;494:1;1068:1;2653:2;2320:1;1363:1;2758:1;1011:1;249:2;2115:1;1033:1;779:3;580:4;1073:1;2358:1;2612:1;2788:1;1760:1;761:1;1174:1;2698:1;766:1;2791:1;992:3;107:1;2774:1;1469:1;2754:1;341:1;47:5;1190:1;2753:1;114:3;241:5;2781:1;56:10;845:1;74:4;2161:1;1628:1;2771:1;2761:3;448:2;321:1;13:11;902:1;2760:6;447:2;2762:1;449:2;246:3;2786:1;20:8;2756:1;1323:1;2351:1;38:1;81:5;342:1;2757:1;28:4;790:1;2755:1;442:1;2776:1;206:5;289:1;32:3;2770:1;457:1;268:1;798:1;27:9;1312:1;153:1;1045:1;788:1;113:3;210:1;2780:2;450:4;2763:1;452:1;2765:2;1481:1;453:1;2766:2;1222:1;2250:2;451:1;2764:2;1736:1;2380:2;1609:1;1636:1;1001:1;2779:1;454:7;2767:1;100:5;455:2;2768:1;456:2;2769:2;770:4;773:6;2291:1;163:3;2772:2;271:1;14:4;785:2;2773:2;205:2;2775:1;825:1;721:2;2777:1;2778:1;2453:1;2679:1;2361:1;48:1;2759:1;446:4;1474:1;2782:1;984:1;2783:2;148:1;787:2;2784:1;2292:1;372:1;2785:1;938:1;424:1;1579:1;2086:1;2787:1
52vixim5,2822:1;2820:1;2590:1;834:1;2818:1;2817:1;885:1;1138:1;694:1;2812:1;1706:1;1606:1;2810:1;213:1;2704:1;1174:1;793:1;2809:1;2816:1;2562:2;2808:1;451:2;2806:1;2113:1;1732:1;81:1;1005:1;322:1;290:1;882:1;2805:1;94:1;2161:1;2796:1;214:1;849:1;2815:1;783:1;321:2;972:1;2807:2;13:11;2795:2;699:3;2672:1;386:1;2799:1;640:1;851:1;2819:1;25:9;131:1;2798:1;1323:1;2794:1;2105:1;47:3;460:3;2801:2;1404:3;1914:1;1025:1;2803:1;2814:1;20:7;38:1;2813:1;781:1;458:3;1107:1;56:9;2821:1;27:8;1856:1;459:3;63:2;2150:1;1007:1;461:6;2797:1;2811:1;779:1;271:2;1569:3;995:1;1045:2;442:1;2802:2;2800:1;6:1;797:1;289:1;2793:1;761:1;1312:1;804:1;74:3;2008:1;2792:1;125:1;1014:1;1026:1;2804:1
47ema2dq,1628:1;1259:1;1906:1;1860:1;1862:1;644:1;321:1;865:1;992:2;1373:1;452:1;29:1;2823:2;474:6;424:1;2837:1;76:1;849:1;2627:1;468:2;100:1;761:2;2826:1;466:4;2825:1;465:4;2828:1;462:2;81:3;2439:1;315:2;442:5;1417:2;2827:1;38:1;2832:2;2626:1;56:6;310:1;2850:1;469:1;1231:1;766:1;2831:2;471:1;2854:1;27:13;1312:1;2836:2;1681:1;472:6;47:6;463:3;2115:1;721:3;464:4;74:7;845:1;475:2;1609:1;2380:1;1657:1;133:1;831:3;2213:1;2848:1;2650:1;1805:1;2833:1;505:1;2834:1;455:1;969:1;1096:1;334:1;2838:1;2839:1;1258:2;2824:1;1282:2;2830:1;774:1;13:15;2840:1;2829:2;773:4;470:3;984:1;1746:1;473:3;730:1;1257:3;121:1;1067:1;2845:1;2660:1;2835:1;779:2;2841:1;271:1;2842:1;787:4;2843:1;1256:3;113:1;332:3;1045:1;2844:2;388:3;2682:1;2846:1;2421:1;1278:2;2613:1;1334:1;2105:1;954:1;2732:1;1625:1;1165:1;20:7;2847:1;480:1;226:1;2849:1;467:6;2266:1;2851:1;2852:1;1840:1;1268:1;2853:1;1744:1;2515:1
jzj8q25c,756:1;683:1;2889:1;2888:1;2887:1;2886:1;2885:1;344:1;2884:1;47:1;2883:1;1540:1;2882:1;2881:1;1001:1;1766:2;26:1;788:1;1669:1;1034:1;594:1;2880:1;2879:1;2878:1;20:4;14:2;938:1;811:1;81:1;2875:1;1604:1;842:1;2874:4;117:1;1031:1;33:1;79:2;2873:1;968:1;2855:2;487:2;486:3;485:8;1147:2;131:1;55:4;403:5;13:6;521:2;2603:2;2857:1;1765:1;114:2;241:1;2890:1;477:2;38:1;2870:1;2858:1;41:2;2073:1;2856:1;791:1;246:4;1625:1;482:2;859:1;1113:1;478:2;479:2;779:1;271:3;2867:3;2289:1;27:11;2859:1;2876:2;82:1;971:2;483:1;2860:1;2877:1;972:1;448:1;321:4;2861:1;56:9;2862:1;2863:1;230:1;1627:1;484:1;992:1;2864:2;799:1;2865:1;2866:2;1174:1;412:2;2707:1;294:4;378:1;1521:1;1116:2;989:1;481:2;100:3;480:3;1115:2;74:1;836:2;2868:1;202:4;2869:1;1178:1;2871:1;113:4;967:1;2872:1
qg0fsliy,662:1;609:1;1843:1;226:1;683:1;28:1;412:1;2508:1;2736:1;641:1;830:1;85:1;654:1;87:1;2911:1;944:1;83:1;2910:1;1666:1;410:1;1245:1;881:1;1138:1;2672:1;679:1;21:1;779:1;389:1;1160:1;1028:5;393:1;246:2;349:3;1011:5;122:1;268:2;1030:1;996:1;89:1;1631:1;1758:1;989:1;1609:1;2894:1;100:2;1734:1;236:2;2903:1;69:1;2896:1;5:2;761:3;2481:1;161:2;796:1;971:2;1085:1;1856:1;489:1;2902:1;1251:1;2895:1;1096:1;94:2;27:16;1312:1;350:8;1845:1;38:1;88:3;2014:1;1757:1;490:7;233:1;2900:1;13:33;1209:1;264:3;826:1;835:1;321:1;2891:8;224:2;2909:1;82:1;1367:1;1240:1;2354:2;41:3;768:2;2892:1;56:10;277:1;20:3;787:1;837:2;1608:2;2893:1;1137:1;442:4;1970:1;2901:1;74:3;2038:1;239:1;1763:1;14:1;271:4;1556:1;1584:2;392:2;842:1;2898:2;545:1;19:2;1100:3;2899:2;1756:1;904:1;1031:1;1136:1;244:1;625:1;783:1;2325:1;1045:1;334:1;2904:1;547:1;33:1;2905:1;1218:6;1144:1;1579:1;294:1;1930:1;388:3;131:1;1324:1;671:1;2213:1;2874:1;47:9;1075:3;1548:2;2907:1;113:2;643:1;114:1;81:1;1109:1;2908:1;850:1;2906:1;79:1;1174:1;2730:1;1821:1;2897:2;70:1;1321:1
p7um7o87,2365:1;2950:1;2562:1;2948:1;1098:1;2947:1;2946:1;294:1;1045:1;2525:1;2945:1;1530:1;1221:1;1074:1;2944:1;1803:1;520:1;1720:1;2930:1;2917:1;2490:1;175:3;306:3;163:1;1511:1;442:3;699:1;984:1;1755:3;1224:1;1623:1;81:4;1105:1;334:1;1096:1;761:2;1840:1;2354:1;82:13;971:1;491:2;2918:1;27:9;916:2;56:6;79:1;20:8;114:2;2941:1;2935:1;1948:1;101:1;2928:1;768:5;47:4;301:2;224:5;14:3;271:4;2938:1;33:1;2949:1;1921:2;1167:1;471:1;1487:1;1103:1;13:16;140:3;2913:1;246:3;1516:1;2043:2;2932:1;38:1;1435:1;240:1;1011:6;89:1;2916:1;594:1;851:2;2937:1;1909:2;493:3;2912:1;799:2;74:5;2920:2;350:5;93:1;1010:1;239:1;1524:1;403:1;1031:1;2936:1;264:5;391:1;2931:1;494:2;2550:1;2927:1;100:2;2915:1;859:1;1116:4;1120:3;2919:1;1037:1;1914:1;2942:1;2922:5;2856:1;2923:1;354:1;2924:1;2926:2;355:1;2925:1;98:1;1861:1;2929:1;2512:1;480:2;2420:1;2934:1;107:1;2943:1;116:1;2933:1;918:2;938:2;176:2;797:1;26:2;821:1;58:2;412:1;2374:1;1038:1;781:1;113:1;2940:1;311:4;94:3;2921:1;1122:1;161:1;321:1;112:2;2939:1;2914:1;1629:1;492:3;235:1;1330:1;55:2
3k1tiuby,2982:1;2981:1;442:1;1330:1;163:4;2961:1;47:4;226:3;875:2;2960:1;423:1;2963:2;1787:1;1538:1;2968:1;398:1;1033:1;779:1;2980:1;924:1;2956:2;797:1;930:2;422:1;2962:1;989:2;2951:7;527:3;13:22;14:4;271:5;528:3;20:4;56:11;787:1;969:1;497:3;501:3;1272:1;1653:1;2954:1;496:5;2091:1;348:4;1110:1;495:3;451:7;38:1;2959:1;499:3;1261:2;27:16;971:2;2495:3;2114:3;500:2;972:3;74:6;2487:1;2952:1;2830:1;2059:1;3:2;1654:1;2957:1;130:2;1668:1;2953:2;181:1;2975:2;2979:1;1951:1;140:1;2967:1;1670:2;2955:1;755:1;498:3;241:4;1012:2;837:3;2964:1;805:1;349:2;2096:2;2965:1;2977:1;1949:1;2804:1;1026:1;2966:1;865:1;1636:1;1001:1;571:1;2095:1;1034:3;854:2;2381:1;2124:1;471:1;728:1;79:3;938:1;2970:1;1355:2;2380:3;1866:2;2958:1;131:1;2142:1;2969:1;2136:1;851:1;81:4;1880:1;2971:1;2336:1;916:1;2972:1;1862:2;577:1;958:1;246:1;1017:1;479:1;33:2;2089:1;2978:1;2973:1;2974:1;1045:1;2976:1;529:2
xvi5miqw,3020:1;797:1;3019:1;1928:1;1500:1;100:1;3018:2;3017:1;2922:1;1144:2;766:1;81:4;3002:1;2991:3;451:3;74:4;328:2;2995:1;2106:1;507:2;1096:1;3001:1;205:1;1856:1;2999:1;2475:1;2989:1;830:1;322:2;773:1;2805:1;2262:2;206:1;73:1;2994:1;1566:1;783:1;787:2;1295:1;20:7;11:1;1296:1;268:3;761:2;504:6;2987:1;37:5;799:1;2831:1;261:1;1404:1;131:1;2444:1;56:10;2998:1;798:1;1312:1;27:7;204:1;1746:1;349:1;3016:1;2985:1;49:1;1334:1;2096:1;47:8;995:1;224:4;1265:1;13:12;2988:1;3000:1;1715:1;687:1;38:1;2992:3;1045:1;2823:1;33:1;505:6;2983:1;249:1;506:1;2984:1;1737:2;3007:1;2986:2;2990:1;1633:2;2400:1;114:1;3004:1;2222:2;2993:1;865:3;1636:1;41:1;1251:1;2997:1;113:1;3014:1;1155:1;779:1;1042:1;271:2;207:1;2777:1;837:1;2379:1;2122:2;3011:1;185:1;442:5;3012:1;3003:1;1363:3;849:1;3008:1;3005:1;877:1;3006:1;2123:2;1609:1;1011:1;2810:1;3009:1;2996:1;683:1;226:1;954:1;3010:1;216:1;142:1;2242:1;3013:1;1415:2;1730:1;3015:1
1i36lsj2,547:1;81:1;680:1;781:1;654:1;2039:1;899:1;404:2;846:1;3042:1;1405:1;76:2;2679:1;163:1;773:1;3040:1;2477:1;3039:1;3038:3;3037:2;2401:1;3036:2;113:1;2653:1;3034:3;3041:1;2533:2;3033:2;3032:1;1507:2;3031:1;149:1;3030:1;1506:4;542:1;1431:1;1471:2;74:3;606:1;3025:1;3023:1;14:3;3035:2;1892:2;204:1;27:10;971:2;38:1;129:1;510:5;972:2;127:1;508:1;509:4;3022:1;863:1;638:2;511:1;3024:1;865:1;47:6;1701:1;226:2;2417:1;512:2;1107:1;3021:8;513:5;1529:1;2292:1;133:1;514:5;958:1;831:1;3026:1;63:1;1079:1;848:2;13:9;140:1;1556:1;20:2;3029:2;72:1;1469:1;761:2;1702:1;581:1;412:4;855:1;442:2;2596:1;56:8;791:1;652:2;271:3;3027:1;85:3;1736:1;3028:1;1813:1;1477:1;3043:1;1011:1
4k8f7ou1,1417:1;3076:1;3075:1;1609:1;3072:1;113:3;937:1;797:1;3071:1;620:1;3070:1;1620:1;1399:1;1909:2;1138:1;3069:1;821:2;783:2;1404:1;3066:1;1821:1;836:1;331:1;74:3;859:2;851:4;1408:2;350:1;2920:1;3047:3;3074:1;761:2;306:1;3059:2;489:1;640:2;767:1;3052:1;3051:1;100:1;1251:2;3050:1;3049:1;3048:1;1330:1;3054:1;163:3;321:5;575:1;1423:1;3055:2;577:2;1466:3;69:1;518:1;391:1;3058:1;38:1;294:2;520:1;2936:1;2679:1;3060:1;1424:1;3044:1;250:2;3068:1;241:3;1012:1;798:1;27:9;1312:1;3057:1;317:2;1475:1;190:1;1079:1;848:1;3056:1;47:10;301:1;174:2;521:6;13:13;3061:1;55:2;1115:1;2394:1;81:4;1623:1;3053:1;226:2;861:1;830:1;2640:1;1098:4;82:4;971:1;349:1;863:1;355:1;3046:2;904:1;3063:1;972:3;83:1;172:2;3073:1;246:5;117:3;442:2;846:1;1874:1;779:1;519:9;2061:1;1033:1;3065:1;1113:1;1884:1;599:1;989:1;3045:1;2017:1;271:5;14:1;492:1;3062:1;1144:1;630:3;3067:1;1011:1;1731:1;791:2;20:4;2716:1;403:1;2202:1;938:1;451:1;1736:1;56:6;827:1;356:1;610:1;195:1;452:1;41:2;311:1;79:2;3064:1;1967:1;33:2;1131:1;434:1;177:1;1025:1;1796:1;1923:1;2323:1
wnnsmx60,3092:1;3091:1;3090:1;1632:1;1984:1;305:1;3078:1;224:1;2397:1;214:2;1011:2;1786:1;311:1;264:2;3081:2;532:1;533:2;787:1;3088:1;526:1;527:2;114:2;232:1;49:1;20:5;528:2;56:5;47:6;174:1;74:2;2702:1;3083:1;529:2;315:1;442:3;2920:1;530:1;13:5;648:1;27:7;215:1;3079:1;3080:1;3087:1;2379:1;1363:1;81:3;2159:1;143:2;1431:1;3082:4;38:1;3086:1;531:1;785:1;851:1;216:1;992:1;865:2;2823:1;3077:1;1299:1;791:1;3089:1;2708:1;3084:1;163:1;3085:1;418:1;2047:1
mtmgur1u,1735:1;3136:1;3134:1;3133:1;954:1;234:1;1236:1;1967:2;3130:1;100:1;2292:1;3009:1;113:1;816:1;3129:1;2767:1;3099:1;1011:2;630:2;1212:1;3135:1;1593:1;1608:1;837:1;3123:1;129:3;2674:2;1404:1;699:4;2368:3;826:1;3112:4;191:1;207:1;842:1;2366:1;206:1;3127:2;81:4;1481:2;84:1;3132:1;48:11;205:1;3126:1;930:1;2990:1;163:5;57:1;833:5;3119:1;248:2;2661:3;1137:1;233:5;3104:1;3131:1;47:12;3128:1;301:5;592:1;1877:2;204:1;3125:1;3105:1;535:1;916:1;3096:1;1297:1;5:2;2291:2;767:4;663:1;2218:6;3097:2;13:22;1323:1;1580:1;3122:1;38:1;372:8;242:1;3107:1;537:5;2317:1;3094:3;2967:1;760:1;761:4;3095:1;268:4;3100:4;787:1;3102:3;56:8;827:7;1057:2;3113:1;192:1;766:1;3103:4;773:7;994:1;1808:1;3093:2;266:1;536:4;793:1;3106:1;1412:1;538:5;3108:1;1167:1;2852:2;3109:1;3110:1;27:27;3111:2;3117:2;33:1;1977:1;1321:1;3120:1;599:1;85:2;801:2;3114:2;1209:1;3098:2;271:3;3101:3;17:2;334:2;1362:3;972:2;1743:1;74:4;1616:1;2650:1;851:2;3115:3;1574:1;3116:3;224:11;1252:2;3118:1;1621:1;2906:1;37:5;3121:1;3124:2;1244:1;2791:2
gdsfkw1b,958:1;2161:1;181:1;3166:1;63:1;3164:1;2475:1;1542:1;239:1;3160:2;968:1;2100:1;703:1;3158:1;403:1;779:1;271:1;837:1;938:1;3156:1;3161:1;113:1;3163:1;1512:2;3155:1;3154:2;3165:1;1768:2;2518:1;3153:2;3159:1;1254:1;932:1;485:1;3152:1;1519:1;1011:1;1010:1;3151:1;901:1;3150:1;58:1;2852:1;3140:2;798:1;1687:1;544:1;140:2;13:12;3157:1;1252:4;3139:2;1051:1;543:1;315:1;442:4;846:1;1862:1;3138:2;542:1;1393:2;541:6;547:7;3143:1;960:1;74:3;3142:1;545:1;546:6;38:1;451:1;3162:1;114:1;1555:1;539:4;47:10;286:2;1048:1;540:2;56:9;20:5;321:2;448:1;791:1;3008:1;294:4;1422:1;728:1;3141:1;1363:1;1605:1;81:2;3149:4;131:1;2798:1;1232:1;3137:1;851:1;27:7;916:2;203:1;1473:1;457:1;1445:1;683:3;904:2;2257:1;3146:1;734:1;3147:1;226:1;223:1;3144:1;859:2;3145:1;1734:1;972:1;2331:3;767:1;640:2;1198:1;944:1;55:10;817:2;735:1;100:1;3148:1
0s6ort9f,226:1;1373:1;1324:1;3183:1;2040:1;214:2;2845:1;1165:1;784:1;3182:1;1808:1;1096:1;1609:1;1355:1;1222:2;1593:4;3178:4;3180:1;767:2;1853:1;2361:2;1972:8;3181:1;2292:2;3177:3;3176:2;3175:4;231:2;2851:1;1962:1;2360:2;74:3;1537:1;13:32;475:2;553:5;730:4;788:1;552:2;3167:1;1633:2;1045:1;1807:1;791:1;38:1;451:1;268:1;1625:2;3174:10;761:1;442:1;549:2;1805:1;27:21;1312:1;550:7;19:7;555:12;47:5;2466:2;2250:1;2758:1;938:1;811:4;3171:1;554:8;551:1;20:19;787:9;113:11;585:2;4:1;131:1;3179:1;766:1;2850:1;56:9;163:2;2830:1;3168:3;100:9;1860:2;3169:7;1231:2;1305:2;249:2;2535:1;3170:4;223:2;760:1;3173:3;1605:1;81:4;843:2;1363:2;799:1;37:2;2518:1;994:2;1033:1;779:1;3172:3
zl5lgcog,1361:1;56:2;3188:1;2351:1;954:1;3187:1;81:1;422:2;161:1;74:1;306:1;559:1;13:2;216:5;442:1;558:1;321:1;557:3;38:1;798:1;3184:1;2476:1;2129:1;3057:1;231:1;3189:1;3185:1;261:1;1736:1;3186:1
2su7oqbz,3206:1;268:1;761:1;163:2;1766:1;2640:1;1636:1;1113:1;224:1;3203:1;746:1;999:1;3205:1;2443:1;471:1;1363:1;683:1;2091:1;743:1;2521:1;1231:1;1859:1;81:1;1268:1;2919:1;2735:1;322:1;1286:1;3191:1;848:1;2999:2;2033:1;2004:1;226:2;2893:1;3190:1;3202:1;27:3;2059:1;49:1;938:1;38:1;392:1;560:2;1331:1;442:2;140:2;13:5;3199:1;448:2;1328:1;566:1;130:1;565:2;447:2;561:6;69:1;3196:1;562:1;331:1;82:3;1098:1;310:1;564:7;56:3;47:3;779:1;271:2;3192:1;79:1;714:1;3204:1;537:1;2361:1;2798:1;851:1;74:3;3193:1;1010:1;3201:1;1296:1;1519:1;1011:3;527:1;2940:3;3194:1;113:2;842:1;20:3;3195:1;1071:1;563:2;944:2;3197:1;3200:1;3198:1;1928:1;2550:1;3058:1;264:2;992:1
yba7mdtb,1363:1;348:1;766:1;2308:1;3235:1;3234:1;3233:1;960:1;100:1;1757:1;995:1;2519:1;609:1;349:1;2909:1;1881:1;230:1;2688:1;3232:1;148:1;1764:1;226:1;1524:1;3209:1;2320:1;163:3;671:1;3211:2;1225:2;971:2;728:7;836:1;972:2;2257:1;250:5;3207:1;1623:1;81:4;3208:4;572:7;113:2;627:1;568:3;1078:1;27:16;570:1;56:8;2215:1;3231:1;114:1;1245:1;2769:1;567:1;1202:1;1329:1;1033:1;571:4;1079:1;451:5;569:4;442:3;696:1;38:1;3213:2;3210:1;1556:1;271:1;1813:1;543:1;79:1;850:1;1529:1;244:1;893:1;1909:1;84:1;1862:1;969:1;249:1;13:17;1536:1;3212:1;1324:2;181:1;1687:1;3229:1;1362:1;1873:1;74:4;1616:1;3214:2;350:4;599:1;321:5;3148:1;1508:1;3217:1;3030:1;203:1;3215:1;3216:1;1785:1;306:1;3227:1;3218:1;1542:1;3219:1;2330:1;2963:1;3220:3;1654:1;394:1;3221:1;1906:1;761:1;20:7;791:1;783:2;2325:1;1554:1;1424:1;3223:1;236:1;2292:1;47:7;304:1;1940:1;3225:1;140:1;3224:1;1321:2;3226:1;1212:1;3228:1;403:1;1174:1;3230:1;3222:1;1423:1
ic4d9dhk,49:1;3254:1;3253:1;779:2;271:3;1970:1;3240:1;56:5;2652:2;2244:1;1609:1;85:1;20:7;69:3;577:6;3244:1;2863:1;3030:1;1011:2;1469:1;72:1;761:3;2412:1;2920:1;2666:1;3238:1;3249:1;1009:1;662:1;58:1;1238:1;222:1;5:1;1021:1;98:1;205:2;2145:1;372:5;575:1;3242:3;1585:1;3236:1;442:1;3237:2;1078:1;3251:1;204:2;1967:1;3252:1;70:3;451:4;3245:1;207:2;1858:2;73:5;3248:1;835:1;1466:1;181:4;1689:1;38:1;1435:1;47:3;174:1;224:7;859:1;206:2;76:4;2389:1;1122:1;865:1;3247:1;163:2;27:10;1312:1;798:1;349:4;2405:1;113:4;627:1;1274:1;246:2;576:4;3243:1;1928:2;3071:1;871:1;100:3;905:1;787:1;226:3;1583:1;2611:1;2475:1;3246:1;3241:1;837:1;3250:1;1544:1;773:3;74:6;1616:3;1362:1;630:2;1144:1;2651:1;1623:1;81:4;264:1;1026:1;213:2;214:3;1484:1;3239:1;155:2;289:1;904:1;245:1;1016:1;234:1;13:12;784:1;1923:1;114:1;45:1;1236:1;268:1;894:1;637:1;1107:1
jh9e85c0,424:1;781:1;3:1;2896:1;3265:1;1556:1;32:1;1120:1;63:1;3263:1;3262:1;2626:1;3261:1;2939:1;2688:1;783:1;837:1;2107:1;883:1;1744:1;576:2;1960:1;3260:1;999:1;746:2;984:1;869:1;113:1;2404:1;1515:1;965:1;3264:1;216:1;851:1;1139:1;1909:1;246:1;3156:1;1632:1;1893:1;958:1;831:3;640:1;5:1;2188:1;26:1;3256:1;306:1;1713:1;2983:1;1840:2;74:9;271:1;98:1;1624:1;100:1;1848:1;451:3;72:1;580:1;226:1;56:6;1255:1;581:2;204:3;662:1;27:12;205:2;841:1;206:3;442:3;859:2;224:9;3056:1;428:1;174:2;47:2;1950:1;207:2;842:1;3255:1;181:5;274:1;528:1;20:5;1708:2;57:1;1200:1;25:1;1803:1;787:1;971:1;3257:1;114:1;1884:1;233:1;995:1;1554:1;2824:1;992:2;599:5;38:1;1689:1;2959:1;845:1;972:1;3258:1;140:2;13:17;14:4;3259:2;1155:1;774:2;2738:1;833:1;1787:1;49:3;430:1;350:1;2382:1
7vi6skvh,177:1;3300:1;3298:1;804:1;1324:1;3296:1;3227:1;1333:1;3295:1;799:1;641:1;2292:1;1034:1;424:1;206:1;714:1;3293:1;3292:1;1096:1;3290:1;3289:1;1833:1;455:1;74:3;703:1;846:1;924:1;289:1;1001:1;1382:1;3287:1;3286:1;999:1;3285:1;3291:1;2656:1;1409:1;155:1;214:1;3294:1;627:2;3282:1;213:1;3281:1;1033:1;271:2;2454:1;3280:1;224:1;3272:1;448:2;1591:1;321:3;3271:1;3270:4;851:2;1323:1;38:1;156:2;3283:1;584:1;3301:1;761:2;3269:1;311:1;20:6;3268:3;1363:1;773:2;580:5;599:1;3266:1;972:1;98:1;3273:3;81:7;1616:1;3267:2;13:6;148:3;3148:1;1624:1;100:1;3275:1;447:4;3279:1;904:1;3288:1;113:2;3274:1;1739:1;1231:1;3299:1;251:1;27:6;916:1;3276:1;3297:1;249:4;1011:1;5:1;640:1;1021:2;47:6;1444:1;174:2;56:2;3277:1;3278:1;3284:2
efrv5nvf,3164:1;321:1;20:1;3317:1;55:1;1105:1;3314:1;2025:1;3312:1;114:1;442:1;3311:1;1636:1;3313:1;773:5;3310:1;1840:1;451:1;70:3;32:1;653:2;417:1;3308:1;1970:1;56:4;587:1;129:1;3304:2;3303:2;412:1;161:3;3305:1;1165:1;3302:2;334:1;588:4;224:2;47:3;38:1;585:4;1238:1;349:1;1256:1;113:1;586:1;3241:1;72:3;1075:1;3315:1;13:5;3316:1;14:8;589:1;81:3;155:2;214:2;848:1;213:2;246:1;699:1;1231:1;1333:1;680:1;577:5;69:2;2863:1;916:1;27:3;855:1;654:1;3309:1;811:2;938:1;100:3;3306:1;2291:1;5:1;3307:1;609:3;1011:1;1248:1
xtg0e142,3324:1;599:1;938:1;1785:1;3321:2;1096:3;226:2;805:1;1967:1;69:1;264:1;349:1;2248:1;993:1;1034:1;3320:1;1031:1;414:1;33:1;3236:2;1152:1;771:1;835:2;1343:1;683:1;2842:1;1649:1;1681:2;79:1;206:5;321:1;804:1;1312:1;3318:1;1736:1;1609:1;85:2;593:2;856:1;475:4;592:2;3322:1;20:2;590:2;224:2;2891:8;2246:1;1357:2;32:2;268:1;74:2;271:3;779:2;3319:1;161:4;2354:2;761:1;643:1;767:1;5:3;47:8;1952:1;850:1;38:1;1045:1;156:2;331:1;806:1;591:1;98:1;2892:2;2313:1;154:2;27:6;155:2;1679:1;113:3;490:8;13:10;3104:1;56:5;233:1;41:2;774:2;1138:1;249:1;1011:1;242:1;773:3;813:1;3099:1;457:3;76:1;766:1;163:1;3323:1;148:1;529:1;81:1
bbvxu8op,1864:1;594:1;1010:1;69:1;471:1;49:1;3351:1;132:2;3332:1;1858:3;2361:5;837:2;602:4;1011:2;2039:1;1331:1;1137:2;623:1;13:12;442:2;2498:4;27:10;916:1;349:3;843:1;577:1;1605:1;2812:1;3326:2;2298:1;410:3;3331:1;791:1;1045:1;56:17;3325:2;81:2;595:2;1407:1;391:7;3272:9;311:3;1096:3;1867:8;392:4;1580:1;38:1;3340:1;3349:1;3327:2;787:1;3328:5;74:11;3131:1;47:4;2360:1;3329:1;2301:4;177:9;3352:1;321:1;448:1;249:1;3333:1;1209:1;447:1;849:1;1363:2;355:2;3334:1;1144:2;251:3;3335:3;3336:1;3337:1;797:1;1796:1;3338:1;1962:1;163:1;94:1;1636:1;271:1;3339:1;545:1;1516:1;3341:1;3342:1;2179:1;100:4;773:1;3343:1;1405:1;2294:1;3344:1;4:1;3345:1;334:3;1362:2;935:1;2320:1;3348:1;1033:1;3346:1;1831:2;1078:1;1034:1;1548:1;3347:1;850:1;79:1;938:3;1452:1;3350:1;937:1;1711:1;683:1;783:1;999:1;1256:1;2091:1;2302:5;3330:1;2816:1;226:1;223:1;2657:5;1629:1
e6e5nvn9,404:1;1037:1;100:1;3372:1;3371:1;1608:1;72:1;2315:1;1431:1;405:1;662:1;1690:1;919:6;393:1;233:1;3263:1;761:4;3357:1;55:12;1960:1;2354:3;703:2;842:1;1096:1;3356:1;301:1;47:11;29:1;3370:1;286:2;905:4;600:1;2043:1;1529:1;1519:1;1165:1;1038:1;2640:1;70:4;1736:1;451:1;306:3;1848:1;442:6;3363:1;206:5;972:1;205:5;2744:1;204:5;2865:1;38:1;971:1;82:1;88:1;602:2;3354:2;13:30;654:1;140:3;603:9;848:2;1045:1;3358:2;56:6;604:1;350:1;783:1;3353:1;995:1;224:2;2637:1;732:1;3355:2;271:4;5:5;1033:1;3359:4;822:1;3362:2;207:5;2263:2;739:1;993:1;231:2;1139:1;2075:1;3360:1;81:2;294:2;113:1;791:4;20:12;3361:1;239:2;599:2;1627:1;85:3;76:2;117:1;412:3;2698:1;683:4;416:2;930:1;2041:1;588:1;845:1;74:3;6:1;1155:1;641:1;2936:2;226:4;1538:1;249:1;1277:1;992:3;2791:1;746:1;3373:1;1574:1;3364:1;163:3;2733:1;27:18;1312:1;3368:1;3365:1;938:1;246:5;1212:1;3366:1;601:2;1372:1;3367:1;130:1;264:3;1606:1;321:1;3369:1;883:1
q1y8uscj,761:1;2530:1;1628:1;2813:1;3396:1;131:1;1909:2;3395:1;3392:1;3391:1;1231:2;3390:1;3397:1;1746:2;2508:1;114:1;787:1;1930:1;3389:1;822:1;321:3;1654:3;3388:1;1860:2;1098:1;3384:1;1609:1;3387:1;1355:1;1248:1;1687:1;163:3;290:1;3181:2;394:1;13:7;995:1;3375:1;2077:1;271:1;779:5;2485:1;3374:1;610:7;20:6;2494:1;81:1;3383:1;38:1;451:2;3394:1;2124:1;442:4;1312:1;3398:1;2509:1;604:2;3377:1;2478:2;1843:1;250:1;181:4;3399:1;1113:1;605:7;3376:1;74:10;3378:1;3400:1;606:2;1093:1;839:1;3379:1;693:1;1963:1;47:8;56:7;865:1;230:3;3380:1;3402:1;1116:1;100:1;608:5;1096:1;3382:2;3386:2;2497:1;113:2;1383:1;2096:1;1669:1;1034:2;817:1;1579:1;1706:1;55:4;2736:1;791:1;2425:1;249:1;1773:1;33:1;2115:1;3385:1;591:1;916:2;27:8;79:5;3381:1;2111:1;609:3;1625:1;3393:1;2504:1;599:1;3401:1;607:5;226:1
lgcmamfb,3408:1;2952:1;3407:1;216:2;13:4;114:1;27:2;20:3;613:1;614:1;378:2;960:1;264:2;3406:1;1105:1;74:3;611:1;1829:1;274:1;38:1;17:2;1737:1;2091:1;616:2;181:1;3403:1;3404:2;504:1;1389:1;3405:1;81:1;612:1;140:1;615:2;1736:1
4u2re1cu,532:1;783:1;1330:1;921:1;418:1;1803:1;480:1;2543:1;3438:1;1407:2;1231:1;1256:1;2157:1;971:2;834:1;58:1;177:1;3437:1;3436:1;1507:1;289:1;2602:1;48:1;6:1;1034:1;641:1;1010:1;1011:4;3424:1;494:1;1265:1;3416:1;622:1;114:1;621:4;1138:1;367:1;113:1;3414:1;3411:1;3439:1;355:1;98:1;393:1;2059:1;774:1;13:13;1168:1;140:1;822:1;233:4;282:1;25:5;787:1;163:3;567:1;1202:4;1329:1;206:1;3417:1;623:3;984:1;1389:2;246:5;3421:1;100:2;3415:1;74:8;1217:1;3260:1;1736:1;442:2;619:2;238:1;27:19;1312:1;2983:1;33:1;38:1;1923:1;2558:1;3409:3;56:9;1511:1;226:4;3412:1;49:1;424:1;938:1;3418:3;848:1;425:1;1248:1;2096:1;1319:1;805:2;2604:1;817:1;224:8;47:7;3410:1;311:3;1328:1;79:7;3420:1;14:1;528:1;271:3;1363:1;2391:1;3419:1;620:1;2162:1;2416:1;3432:1;20:9;791:1;761:2;3331:1;204:1;205:1;207:1;268:1;11:2;2297:1;766:1;1020:1;349:6;3433:1;1244:1;3422:1;81:2;1033:1;5:1;3434:1;2863:1;1624:1;3423:1;82:1;2277:2;992:1;2689:1;3413:1;1357:2;3425:1;85:1;1884:2;3426:1;580:1;231:1;3427:1;1209:1;181:1;3428:1;1324:1;1067:2;773:1;2058:1;2702:1;2445:1;667:1;3148:1;321:1;1606:1;835:1;1373:1;3429:1;904:2;3430:1;1632:1;3431:1;1122:3;3435:1
e62cfqt7,3462:1;355:1;234:1;3459:1;2020:1;3458:1;1228:1;3455:1;1197:1;3453:1;3452:1;3460:1;1555:1;3451:1;3450:1;640:1;767:1;3448:1;2292:1;131:2;3454:1;787:2;306:1;1830:1;1068:1;1867:1;992:1;2727:7;508:1;1143:1;1016:1;3461:1;3334:1;2867:1;3242:1;448:2;625:1;3457:1;155:1;627:3;1017:1;632:6;916:1;3456:1;27:12;154:1;1134:1;626:2;38:1;628:2;1572:1;631:3;2519:1;958:1;69:2;3297:1;249:1;1011:1;630:2;3449:1;20:4;13:7;3442:1;629:2;161:4;773:1;3440:7;163:1;2333:1;47:10;1405:1;3056:1;55:2;967:2;1032:1;3445:1;3444:1;56:4;72:1;580:1;774:1;3441:1;113:2;100:1;1116:1;1746:1;349:1;3443:1;836:1;74:2;1091:1;2908:1;2730:1;842:1;3267:1;854:1;1967:2;2602:1;70:2;779:1;271:2;3446:1;3447:1
04cuk2cn,2859:1;3472:1;2008:1;619:1;81:1;2689:1;3071:1;214:1;835:1;82:1;3463:1;100:1;646:2;14:4;412:4;1025:1;644:3;349:1;20:3;1967:1;846:1;643:2;3464:2;787:1;1930:1;13:10;451:1;27:5;3468:1;634:4;3466:1;635:2;38:1;3467:1;790:1;28:3;637:1;47:6;3469:1;264:1;645:2;442:1;2289:1;638:1;3470:1;131:1;639:1;3471:1;640:2;641:2;74:5;642:2;1822:1;3465:1;2745:1;2636:1;845:1;213:1;837:1;271:1;1247:1;1736:1;85:1;226:2;1623:1;1779:1;636:2;509:1
mvxz7lx7,3486:1;3485:1;3484:1;3483:1;3482:1;2994:1;2993:1;27:4;56:3;3478:1;793:1;13:4;216:3;3474:1;3473:1;3147:1;138:3;20:1;47:2;264:2;1761:1;699:1;3481:1;649:2;38:1;1625:1;81:2;494:1;3475:2;1221:1;749:1;113:1;3476:1;3477:1;442:2;750:1;1930:1;3479:1;1452:1;1769:1;648:2;3480:1
m9rg6d3w,739:1;3511:1;1428:1;3510:1;3509:1;2331:1;2111:1;3508:1;277:1;1500:1;599:2;6:1;3507:1;1244:1;3506:1;938:1;1319:1;55:1;1277:1;2713:1;1548:1;203:1;3505:1;3504:1;73:1;454:1;3502:1;834:1;72:3;3501:7;1631:1;745:1;214:1;3135:1;1168:1;787:3;480:1;1623:1;3500:1;881:1;69:1;577:1;3498:3;1550:2;381:1;2446:2;382:1;479:1;1368:4;3492:8;1075:2;3488:2;656:1;851:2;1529:1;894:2;604:1;1312:1;867:3;486:1;14:1;3487:19;20:3;655:3;1068:1;3489:4;1038:1;657:2;113:7;1256:1;38:1;3495:1;1336:1;746:1;416:2;112:3;239:1;653:2;2936:1;3190:1;3503:1;74:6;3496:2;161:3;654:6;56:11;1970:1;3494:1;651:2;100:8;2669:1;383:2;3490:1;442:1;70:4;3245:1;3499:1;451:3;324:2;47:6;3134:2;213:1;1229:1;761:1;2729:1;3491:1;998:1;3030:1;13:8;140:1;271:7;652:2;779:1;3493:1;1011:3;630:1;155:1;790:1;27:8;916:2;576:1;3497:1
4cvy9u28,995:1;3027:1;2541:1;2457:1;1431:1;2791:1;3438:2;797:1;3530:2;1970:4;451:4;544:1;1319:1;2423:1;74:2;3526:2;3523:1;3527:1;2638:2;3522:1;996:3;1165:1;81:1;778:1;776:1;787:1;25:1;774:1;773:3;599:1;3520:1;1574:1;3524:1;984:2;442:1;1386:1;2035:1;383:1;779:1;2938:1;271:1;3020:1;3528:1;861:1;321:1;448:1;3516:1;969:1;20:2;419:1;38:1;3519:1;1362:2;3521:1;981:2;851:2;3518:4;13:10;1469:1;834:1;72:8;112:1;239:1;643:2;770:1;1312:1;663:9;249:2;1011:3;63:3;1009:1;877:1;242:1;2602:1;661:9;664:14;47:13;2405:1;1805:1;916:1;662:3;27:16;665:14;113:13;972:1;3512:1;100:1;3529:2;1624:1;372:1;1481:1;846:1;1608:1;973:1;3513:3;200:1;835:1;3359:1;114:3;3531:2;2896:1;3525:1;223:1;3514:1;3515:1;513:1;3517:4;56:4;941:1;412:1;943:3;766:1
89xnnvuv,3557:1;2742:1;766:1;239:1;1415:1;2863:1;2879:1;3556:1;3182:1;113:2;3541:2;671:2;3540:1;1381:4;3539:2;3538:2;2903:2;2395:1;3537:2;3536:2;231:1;3533:1;1628:2;3535:1;3542:2;163:2;3247:1;834:1;1469:1;1211:1;223:3;674:2;1167:3;1548:1;311:3;842:1;935:1;289:11;2983:1;670:6;761:5;3555:1;668:1;33:1;672:4;291:3;1630:1;2401:3;3544:4;1131:1;100:2;13:27;140:3;667:4;3080:1;81:8;3532:1;992:1;788:1;17:3;1033:1;666:6;2812:2;1336:2;38:1;673:2;3543:3;114:2;27:19;1312:1;271:2;14:7;2150:2;3547:1;321:2;1718:1;675:6;779:3;1807:1;47:9;442:5;669:4;791:1;20:12;331:1;74:9;827:1;56:5;1598:1;1435:1;3234:1;2446:3;904:1;837:3;3534:4;1221:1;2491:2;181:2;1209:2;2237:1;3380:1;787:3;1363:2;2973:2;2096:1;1068:1;4:1;3545:1;944:2;1625:1;3009:1;3546:1;549:3;1098:1;1355:1;2421:1;241:2;2040:1;381:1;1970:1;1203:1;3548:1;978:1;3549:1;3550:1;2039:1;2415:1;1272:1;846:1;3551:1;2845:1;599:1;3552:1;3553:1;213:1;3554:1;388:2;1159:1;3211:6;3468:1;1926:1;641:1
zowp10ts,1928:1;3575:1;1845:1;1107:1;1033:1;17:1;3573:1;148:1;3559:1;765:1;2035:1;2416:1;769:1;3563:1;1625:1;32:1;393:1;2679:1;3568:1;859:1;1530:1;3305:1;992:1;3562:1;114:1;241:3;3560:1;1057:3;676:10;2965:1;679:1;412:2;58:6;680:2;1068:1;3558:1;1245:1;56:5;20:7;383:1;1925:1;47:5;667:1;1952:2;76:4;177:3;1062:1;2078:1;1622:3;935:1;678:1;3570:1;246:5;972:1;334:1;591:2;677:1;33:2;804:1;1481:1;3569:1;1909:3;367:5;494:1;113:1;971:1;27:10;38:1;683:1;700:1;338:2;81:1;1407:1;3566:1;391:1;442:3;1717:1;1209:1;3561:1;761:6;634:1;249:1;1011:1;2421:1;3565:1;1914:1;1152:1;451:1;3564:1;223:1;350:2;268:1;1553:1;1884:1;85:3;2655:1;3567:1;773:1;787:2;2320:1;865:1;1636:1;671:2;944:1;55:1;783:1;2325:1;1554:1;792:1;13:14;784:1;100:1;271:5;14:5;1042:1;2691:1;1929:1;140:6;654:2;321:1;835:1;3571:1;825:1;311:1;837:1;231:1;3572:1;3060:1;3574:1;331:1;588:2;74:1
i4pmux28,1010:1;3588:1;1469:1;3586:1;1122:1;836:1;20:1;207:1;206:1;205:1;11:1;3584:1;3583:1;3582:1;3581:1;916:2;263:1;204:1;27:3;1295:1;56:1;3580:1;689:1;3585:1;163:1;321:1;85:2;203:1;683:1;74:1;682:1;3579:1;688:1;3587:1;460:1;224:2;685:2;3576:1;372:1;2444:1;1512:1;37:1;686:1;3577:1;684:1;271:2;3590:1;699:1;641:1;687:2;38:1;3578:1;13:5;1606:2;130:2;3589:1;226:1
jw1lxwyd,2759:1;2660:1;3621:1;291:1;2136:1;239:1;1362:1;2484:1;1970:1;3623:1;25:2;442:1;699:2;2096:3;1363:3;2795:2;3599:2;141:1;47:4;1952:2;174:7;3603:1;3597:1;2735:1;422:2;2827:2;3598:1;804:1;3622:1;1052:1;3592:2;311:2;1073:1;692:9;3613:1;2430:1;1840:1;20:5;3618:1;3595:1;2427:2;371:1;114:3;27:12;329:2;2768:2;863:1;1625:1;693:7;3620:1;3106:1;787:3;3614:1;761:3;766:1;3593:2;37:1;1011:2;1265:1;2154:2;691:2;827:1;56:8;3612:1;1231:4;3009:1;507:1;3591:5;181:1;1209:1;695:7;3616:3;690:2;3594:2;132:1;1417:1;2445:1;3596:1;2123:2;142:5;1238:1;2266:1;694:3;3615:1;745:1;74:7;113:3;585:2;3611:1;13:17;140:1;2767:3;100:3;3610:1;774:2;3601:1;3602:1;81:3;1366:1;3604:1;2129:1;1481:1;834:1;1862:1;2805:2;3600:1;773:2;779:1;3606:1;318:2;1860:1;163:1;2990:1;2993:1;2485:1;1404:1;3607:2;451:4;2401:1;721:1;2122:2;826:1;2625:1;599:3;85:2;3608:1;1174:1;268:2;782:2;3609:1;992:1;3305:1;2772:3;2264:1;3020:1;38:1;2351:1;3403:3;1604:2;1861:1;833:2;3617:1;2848:2;3619:1;985:1;214:1;3605:1;264:2;1328:2;3127:1
xiv9vxdp,923:1;3633:1;1265:1;306:1;2147:1;3629:1;47:3;696:1;2100:1;3624:1;216:1;851:1;25:1;3473:1;700:1;3474:2;1531:1;56:5;1818:1;697:1;1700:1;20:2;3630:1;74:3;3635:1;2365:1;761:1;142:5;2089:1;38:1;1631:1;753:1;1769:1;527:1;114:2;418:1;37:1;27:4;3626:1;3631:1;329:2;13:3;140:1;81:1;3622:1;141:1;2250:1;3634:1;3253:1;886:1;2791:1;831:1;3625:1;2445:1;424:2;98:1;3632:1;76:1;699:1;2096:3;2090:1;1328:2;856:1;698:1;2095:1;271:1;1038:1;307:2;3332:1;3627:1;1104:1;3628:1;2122:1
mcfmxqp2,999:1;1629:1;3661:1;1405:1;3660:1;827:1;2155:1;2475:1;640:1;161:1;2422:1;3655:1;163:1;3653:1;1042:1;2566:1;26:2;2565:1;2946:1;114:1;442:1;246:3;3659:1;230:2;306:1;3652:1;223:1;871:1;79:1;1411:1;451:1;2043:1;3651:1;1333:1;63:1;131:1;2417:1;3642:2;3658:1;102:5;2089:1;321:1;3242:1;98:1;3654:1;2638:1;2003:2;2723:1;56:6;2533:1;291:1;1058:1;3461:1;3637:1;1816:1;38:1;47:1;3646:1;202:1;1091:1;1799:1;3641:1;567:1;1731:1;3636:1;3657:1;101:3;736:3;27:11;703:6;680:2;13:16;3640:1;41:1;3656:1;354:1;100:2;704:5;69:1;577:1;171:3;20:5;3645:1;851:1;3639:1;3643:1;3644:1;1416:2;19:1;271:3;17:2;599:1;3647:1;447:1;1362:1;3648:1;3267:1;1871:1;3649:1;1010:1;630:2;1011:5;938:1;303:1;2034:1;2542:1;33:1;2954:1;3638:1;82:3;2090:2;566:1;94:2;3650:1;836:1;709:1;74:4;113:1;2907:1
5dk231qs,2580:1;442:1;3359:1;3681:1;856:1;1363:1;773:1;3680:1;2314:1;3677:1;1010:1;100:1;354:1;264:1;3675:1;303:1;268:1;1411:1;3674:1;3679:1;1774:1;3673:1;33:1;2954:1;1436:1;3672:1;544:1;2112:1;3369:1;82:1;3671:2;56:2;1419:1;1038:1;81:2;2618:1;406:1;279:1;1930:1;3662:2;181:1;1333:1;63:1;1248:1;3667:1;3678:1;249:1;1011:1;3666:2;791:1;1404:1;234:1;3663:1;38:1;1100:1;3652:1;223:3;20:8;140:1;13:11;1075:5;131:1;768:1;708:1;1416:1;706:3;851:1;779:1;1033:1;17:2;271:3;1795:1;171:3;761:3;101:2;736:1;707:2;47:3;301:1;3664:1;1367:1;3668:1;3193:1;1252:3;3665:2;27:6;981:1;1042:1;1598:1;3249:1;709:5;74:4;3343:1;41:1;291:2;3676:1;2533:1;172:1;3642:5;599:1;3647:1;113:1;875:1;3669:1;3670:1
snqdma0s,1886:1;3697:1;1113:1;1115:1;930:1;3334:1;3588:1;3618:1;112:1;3134:1;2571:3;3695:2;3453:1;1592:1;2735:1;773:2;3694:2;271:1;3693:1;3692:1;1415:2;1034:2;1764:1;3149:1;3690:1;2075:1;155:1;944:1;55:2;3691:1;643:1;938:1;289:2;3696:1;13:7;121:1;1010:1;334:1;1096:2;715:6;27:13;3685:1;56:5;577:1;761:1;3682:1;38:1;451:1;74:7;2021:1;1608:1;712:1;181:2;1873:1;713:5;163:2;79:1;714:4;3689:1;6:1;47:4;1168:1;250:5;2326:2;3683:1;2562:1;849:1;81:1;716:5;3297:3;1138:1;1011:2;3209:1;542:1;1744:1;20:5;3684:1;321:2;1231:1;306:1;1703:1;1268:1;1963:1;2979:1;442:1;1909:1;766:1;3687:1;3346:1;100:1;1389:6;2543:1;2416:1;3686:1;1373:1;2643:1;1881:2;89:1;1867:1;1105:2;114:1;3688:1
1pq6dkl5,3725:1;113:1;3723:1;3722:1;2612:1;1016:1;1222:1;2255:1;2410:1;3719:1;2784:1;3717:1;3724:1;3343:1;3716:1;1625:1;3715:1;3714:1;100:1;767:1;2291:1;2339:2;356:1;2790:1;3548:1;3713:1;773:2;837:3;3720:1;2704:1;311:1;155:1;3711:3;1130:1;3709:1;2380:1;787:1;3708:1;181:1;1096:1;3701:1;2100:1;1211:1;1093:1;140:1;13:11;721:6;3699:1;3698:1;442:2;727:2;845:1;3721:1;1435:3;38:1;3702:1;309:1;1357:2;722:3;725:2;1068:3;1363:1;720:1;82:9;954:1;958:1;831:1;577:1;69:3;1715:1;699:1;779:1;271:1;2684:1;3700:1;3712:1;1299:1;791:1;3331:1;215:1;723:2;836:1;74:5;724:2;345:2;726:2;20:3;3703:1;3718:3;797:1;1305:2;3710:2;27:17;3075:1;70:5;984:1;349:2;2816:1;3705:1;761:1;174:1;47:3;1952:1;148:1;2688:1;3704:1;766:1;81:3;2525:1;1001:1;1646:1;630:2;122:1;249:1;1011:3;2535:1;2734:1;1337:1;56:7;264:2;1014:1;887:1;3706:1;938:1;1319:1;3707:1
402ls2aq,1001:1;241:2;226:1;480:1;1362:1;3747:1;163:3;871:2;3744:1;3743:1;3742:1;206:1;205:1;204:1;72:3;1911:1;113:2;1970:1;3741:2;1219:2;1431:2;1769:1;3153:1;588:1;207:1;334:1;3745:1;1967:1;246:2;3738:1;773:4;3727:4;3740:1;311:2;3733:2;369:1;850:2;723:2;74:1;3732:1;416:1;289:1;3746:1;571:2;1363:3;728:2;181:1;3737:1;732:4;81:7;38:1;451:3;148:2;27:13;1606:1;82:7;971:1;3726:7;101:11;14:6;683:1;1572:1;3731:1;3571:1;1666:3;729:2;140:2;13:9;1909:1;131:1;100:2;121:6;730:2;349:5;972:1;2034:3;20:5;2179:1;223:1;731:5;350:1;3728:1;3729:2;5:1;640:1;1881:2;865:1;122:3;249:2;1011:2;3734:5;3735:1;1034:3;1323:1;3736:3;3730:1;47:5;787:2;1168:1;779:1;1033:1;271:4;3739:1;56:3
754nln40,640:1;599:1;1023:1;761:1;1038:1;149:1;3766:1;845:1;2025:1;801:1;547:1;638:1;3764:1;63:1;3763:1;1028:1;932:1;424:1;2845:1;271:2;773:1;3761:1;839:1;3760:1;3759:2;3758:1;1057:2;930:1;984:1;74:3;3757:1;55:1;1960:1;13:14;163:1;544:1;56:5;2601:1;442:1;3404:1;102:6;737:2;3748:4;20:6;279:3;787:1;3762:1;79:1;291:4;935:1;173:3;114:1;3765:1;82:1;72:1;3755:3;226:1;2004:2;734:1;735:1;27:6;294:2;3242:1;1591:1;3750:1;485:1;739:1;231:1;113:3;47:9;1444:2;1411:1;14:2;736:2;101:2;303:3;2899:1;738:2;171:1;2525:2;112:1;3662:4;33:3;2954:1;3749:3;703:3;3751:1;1847:2;3752:1;94:1;1133:1;625:1;70:2;3753:2;1806:2;2913:1;1103:1;3754:1;165:2;38:1;1689:1;1011:1;630:1;1138:1;2613:1;3756:1
4mnaicki,163:1;2967:1;3794:1;3793:1;3792:1;2091:1;938:1;63:1;1729:1;896:1;576:1;835:1;73:1;1089:1;3788:1;867:1;3786:2;81:4;3360:1;1466:1;3785:1;889:1;3048:1;404:1;1051:2;1244:1;3784:3;2541:1;1546:2;2689:1;74:5;147:1;20:2;166:1;294:2;1096:1;588:2;3574:1;3781:1;787:1;321:3;2937:1;3787:1;1755:2;944:1;1363:1;3776:1;3457:3;1451:1;3791:1;743:2;1033:1;652:1;271:5;286:2;846:1;3767:8;3768:3;916:1;27:14;3790:1;1631:1;742:2;683:2;1098:1;82:4;13:10;72:4;1315:1;680:3;3783:1;354:1;100:4;894:1;513:2;2346:1;3796:1;113:4;2374:1;850:2;3771:2;38:1;451:1;3797:1;241:1;1670:1;781:1;654:3;246:3;76:1;3789:1;741:1;161:2;56:9;3773:2;304:1;442:1;1028:1;774:1;1011:3;3134:1;3769:1;849:1;3770:1;3782:1;1623:1;226:3;1317:1;47:6;3292:1;3795:1;2525:1;1001:2;3774:1;3772:2;291:1;3775:1;221:3;3777:1;3778:1;1874:1;3779:1;1010:1;1137:1;859:1;3780:1
ztkjm79p,3827:1;2248:1;1893:1;904:1;1736:1;831:1;2085:1;3824:1;113:1;2432:1;3020:1;3396:2;3810:5;3809:2;761:1;2411:1;3808:2;699:3;528:1;20:3;1011:1;1265:2;268:1;3807:1;916:1;74:8;372:2;3801:3;1389:1;1677:1;747:3;960:1;206:3;3804:1;772:1;3800:1;879:1;544:1;3433:1;349:1;205:3;3546:1;3803:1;3802:1;1746:1;204:3;745:1;1334:1;49:1;140:2;3823:1;3806:1;721:2;3805:2;207:3;3382:1;1362:1;334:1;3820:1;222:3;1764:2;748:2;367:1;932:1;2129:1;47:14;1633:7;3825:1;998:1;27:17;1312:1;2198:1;142:4;2455:3;264:4;2320:3;2941:1;114:1;56:11;1098:1;3798:1;3799:1;13:16;527:1;1041:1;787:3;746:1;38:1;3826:1;2798:1;766:1;599:1;85:4;1481:2;846:1;2095:1;3814:2;216:1;3811:1;1608:1;837:1;771:1;3819:1;773:2;1765:2;3821:1;1363:1;311:1;163:4;1962:1;2978:3;314:1;536:2;790:1;3812:1;129:2;215:1;3813:2;1431:1;1174:1;779:1;1970:1;455:1;2768:3;3403:3;1625:1;2181:2;3815:1;2098:1;3816:2;2419:1;1068:1;3817:2;3818:2;817:1;81:6;1623:2;37:1;838:1;100:1;834:1;2845:1;224:10;3822:2;797:1
p34ezktf,1507:1;100:1;1011:1;3856:1;451:1;131:1;3851:1;2143:1;1015:1;334:1;1238:1;3847:1;2095:2;1840:1;3845:1;3846:1;163:1;2955:1;3844:1;3842:1;793:1;3841:1;2213:1;181:1;3078:1;3840:1;1859:1;81:4;958:1;20:1;3830:1;3852:1;2709:2;113:2;3655:1;226:1;49:1;74:5;865:1;992:1;526:1;2431:1;3828:4;3855:1;3474:1;3850:1;1945:1;2707:1;527:1;3829:1;3849:1;1944:1;530:1;3832:1;2845:1;132:1;1783:1;960:1;3848:1;38:1;215:6;114:1;749:2;2405:1;1093:1;458:1;1970:1;750:3;2852:1;307:1;1323:1;3834:1;2017:1;239:1;3838:1;1698:2;47:8;859:1;224:1;2391:1;2795:1;2922:1;851:1;216:8;3854:1;1949:1;1297:1;27:4;3837:1;2180:1;3831:1;2380:1;856:2;2626:1;2442:1;3839:1;2823:1;3853:1;424:1;773:2;2133:1;2260:1;699:1;2985:3;3833:1;787:3;3835:1;1410:1;13:14;648:1;140:1;3836:1;3014:1;3843:1;2954:1;56:6;3485:1;1585:1
0fitbwuv,745:1;1293:1;1062:1;3869:1;3262:1;3655:1;3232:1;3867:1;3063:1;2379:1;3865:1;81:2;3847:1;1561:1;3118:1;181:1;3864:1;3863:1;2518:1;3862:1;761:2;2158:1;971:2;27:11;1012:2;3726:1;835:1;753:1;2509:1;350:2;114:1;321:1;3861:1;756:3;1310:3;2490:1;469:2;233:6;3866:1;56:6;38:1;224:7;140:1;13:15;898:1;1698:1;47:8;3857:1;580:3;246:4;754:3;3868:1;58:1;3223:1;3858:1;3563:1;1625:1;2365:1;79:1;528:1;20:4;958:2;938:1;49:3;3859:1;271:3;222:1;1238:1;1746:1;3860:1;972:1;1734:2;1099:1;1011:1;2662:1;315:1;442:2;1082:1;1717:1;925:1;113:1;827:1;954:2;2986:1;412:3;1047:1;755:1;2660:1;3249:1;74:1
